,episode,round,state,action,reward,done,model,environment
0,0,0,0,0.0,,,Q_learning,ABC
1,0,1,0,1.0,-1.0,False,Q_learning,ABC
2,0,2,1,1.0,-1.0,False,Q_learning,ABC
3,0,3,2,,10.0,True,Q_learning,ABC
4,1,0,0,0.0,,,Q_learning,ABC
5,1,1,0,1.0,-1.0,False,Q_learning,ABC
6,1,2,1,1.0,-1.0,False,Q_learning,ABC
7,1,3,2,,10.0,True,Q_learning,ABC
8,2,0,0,1.0,,,Q_learning,ABC
9,2,1,1,1.0,-1.0,False,Q_learning,ABC
10,2,2,2,,10.0,True,Q_learning,ABC
11,3,0,0,1.0,,,Q_learning,ABC
12,3,1,1,1.0,-1.0,False,Q_learning,ABC
13,3,2,1,1.0,-1.0,False,Q_learning,ABC
14,3,3,2,,10.0,True,Q_learning,ABC
15,4,0,0,1.0,,,Q_learning,ABC
16,4,1,1,1.0,-1.0,False,Q_learning,ABC
17,4,2,2,,10.0,True,Q_learning,ABC
18,5,0,0,1.0,,,Q_learning,ABC
19,5,1,1,1.0,-1.0,False,Q_learning,ABC
20,5,2,2,,10.0,True,Q_learning,ABC
21,6,0,0,1.0,,,Q_learning,ABC
22,6,1,1,1.0,-1.0,False,Q_learning,ABC
23,6,2,2,,10.0,True,Q_learning,ABC
24,7,0,0,1.0,,,Q_learning,ABC
25,7,1,1,1.0,-1.0,False,Q_learning,ABC
26,7,2,2,,10.0,True,Q_learning,ABC
27,8,0,0,1.0,,,Q_learning,ABC
28,8,1,0,1.0,-1.0,False,Q_learning,ABC
29,8,2,1,1.0,-1.0,False,Q_learning,ABC
30,8,3,2,,10.0,True,Q_learning,ABC
31,9,0,0,1.0,,,Q_learning,ABC
32,9,1,1,1.0,-1.0,False,Q_learning,ABC
33,9,2,2,,10.0,True,Q_learning,ABC
34,10,0,0,1.0,,,Q_learning,ABC
35,10,1,1,1.0,-1.0,False,Q_learning,ABC
36,10,2,2,,10.0,True,Q_learning,ABC
37,11,0,0,1.0,,,Q_learning,ABC
38,11,1,1,1.0,-1.0,False,Q_learning,ABC
39,11,2,1,1.0,-1.0,False,Q_learning,ABC
40,11,3,2,,10.0,True,Q_learning,ABC
41,12,0,0,1.0,,,Q_learning,ABC
42,12,1,1,1.0,-1.0,False,Q_learning,ABC
43,12,2,1,1.0,-1.0,False,Q_learning,ABC
44,12,3,2,,10.0,True,Q_learning,ABC
45,13,0,0,1.0,,,Q_learning,ABC
46,13,1,1,1.0,-1.0,False,Q_learning,ABC
47,13,2,2,,10.0,True,Q_learning,ABC
48,14,0,0,1.0,,,Q_learning,ABC
49,14,1,1,1.0,-1.0,False,Q_learning,ABC
50,14,2,1,1.0,-1.0,False,Q_learning,ABC
51,14,3,2,,10.0,True,Q_learning,ABC
52,15,0,0,1.0,,,Q_learning,ABC
53,15,1,1,1.0,-1.0,False,Q_learning,ABC
54,15,2,2,,10.0,True,Q_learning,ABC
55,16,0,0,1.0,,,Q_learning,ABC
56,16,1,1,1.0,-1.0,False,Q_learning,ABC
57,16,2,2,,10.0,True,Q_learning,ABC
58,17,0,0,1.0,,,Q_learning,ABC
59,17,1,1,1.0,-1.0,False,Q_learning,ABC
60,17,2,2,,10.0,True,Q_learning,ABC
61,18,0,0,1.0,,,Q_learning,ABC
62,18,1,1,1.0,-1.0,False,Q_learning,ABC
63,18,2,1,1.0,-1.0,False,Q_learning,ABC
64,18,3,2,,10.0,True,Q_learning,ABC
65,19,0,0,1.0,,,Q_learning,ABC
66,19,1,1,1.0,-1.0,False,Q_learning,ABC
67,19,2,1,1.0,-1.0,False,Q_learning,ABC
68,19,3,2,,10.0,True,Q_learning,ABC
69,20,0,0,1.0,,,Q_learning,ABC
70,20,1,0,1.0,-1.0,False,Q_learning,ABC
71,20,2,1,1.0,-1.0,False,Q_learning,ABC
72,20,3,2,,10.0,True,Q_learning,ABC
73,21,0,0,1.0,,,Q_learning,ABC
74,21,1,1,1.0,-1.0,False,Q_learning,ABC
75,21,2,2,,10.0,True,Q_learning,ABC
76,22,0,0,1.0,,,Q_learning,ABC
77,22,1,1,1.0,-1.0,False,Q_learning,ABC
78,22,2,2,,10.0,True,Q_learning,ABC
79,23,0,0,1.0,,,Q_learning,ABC
80,23,1,0,1.0,-1.0,False,Q_learning,ABC
81,23,2,1,1.0,-1.0,False,Q_learning,ABC
82,23,3,2,,10.0,True,Q_learning,ABC
83,24,0,0,1.0,,,Q_learning,ABC
84,24,1,1,1.0,-1.0,False,Q_learning,ABC
85,24,2,2,,10.0,True,Q_learning,ABC
86,25,0,0,1.0,,,Q_learning,ABC
87,25,1,1,1.0,-1.0,False,Q_learning,ABC
88,25,2,2,,10.0,True,Q_learning,ABC
89,26,0,0,1.0,,,Q_learning,ABC
90,26,1,1,1.0,-1.0,False,Q_learning,ABC
91,26,2,2,,10.0,True,Q_learning,ABC
92,27,0,0,1.0,,,Q_learning,ABC
93,27,1,1,1.0,-1.0,False,Q_learning,ABC
94,27,2,2,,10.0,True,Q_learning,ABC
95,28,0,0,1.0,,,Q_learning,ABC
96,28,1,1,1.0,-1.0,False,Q_learning,ABC
97,28,2,2,,10.0,True,Q_learning,ABC
98,29,0,0,1.0,,,Q_learning,ABC
99,29,1,1,1.0,-1.0,False,Q_learning,ABC
100,29,2,2,,10.0,True,Q_learning,ABC
101,30,0,0,1.0,,,Q_learning,ABC
102,30,1,0,1.0,-1.0,False,Q_learning,ABC
103,30,2,1,1.0,-1.0,False,Q_learning,ABC
104,30,3,1,1.0,-1.0,False,Q_learning,ABC
105,30,4,2,,10.0,True,Q_learning,ABC
106,31,0,0,1.0,,,Q_learning,ABC
107,31,1,1,1.0,-1.0,False,Q_learning,ABC
108,31,2,2,,10.0,True,Q_learning,ABC
109,32,0,0,0.0,,,Q_learning,ABC
110,32,1,0,1.0,-1.0,False,Q_learning,ABC
111,32,2,1,1.0,-1.0,False,Q_learning,ABC
112,32,3,2,,10.0,True,Q_learning,ABC
113,33,0,0,1.0,,,Q_learning,ABC
114,33,1,1,1.0,-1.0,False,Q_learning,ABC
115,33,2,2,,10.0,True,Q_learning,ABC
116,34,0,0,1.0,,,Q_learning,ABC
117,34,1,1,1.0,-1.0,False,Q_learning,ABC
118,34,2,2,,10.0,True,Q_learning,ABC
119,35,0,0,1.0,,,Q_learning,ABC
120,35,1,1,1.0,-1.0,False,Q_learning,ABC
121,35,2,2,,10.0,True,Q_learning,ABC
122,36,0,0,1.0,,,Q_learning,ABC
123,36,1,1,1.0,-1.0,False,Q_learning,ABC
124,36,2,2,,10.0,True,Q_learning,ABC
125,37,0,0,1.0,,,Q_learning,ABC
126,37,1,1,1.0,-1.0,False,Q_learning,ABC
127,37,2,2,,10.0,True,Q_learning,ABC
128,38,0,0,1.0,,,Q_learning,ABC
129,38,1,1,1.0,-1.0,False,Q_learning,ABC
130,38,2,2,,10.0,True,Q_learning,ABC
131,39,0,0,1.0,,,Q_learning,ABC
132,39,1,1,1.0,-1.0,False,Q_learning,ABC
133,39,2,2,,10.0,True,Q_learning,ABC
134,40,0,0,1.0,,,Q_learning,ABC
135,40,1,1,1.0,-1.0,False,Q_learning,ABC
136,40,2,2,,10.0,True,Q_learning,ABC
137,41,0,0,1.0,,,Q_learning,ABC
138,41,1,1,1.0,-1.0,False,Q_learning,ABC
139,41,2,2,,10.0,True,Q_learning,ABC
140,42,0,0,1.0,,,Q_learning,ABC
141,42,1,1,1.0,-1.0,False,Q_learning,ABC
142,42,2,2,,10.0,True,Q_learning,ABC
143,43,0,0,1.0,,,Q_learning,ABC
144,43,1,1,1.0,-1.0,False,Q_learning,ABC
145,43,2,2,,10.0,True,Q_learning,ABC
146,44,0,0,1.0,,,Q_learning,ABC
147,44,1,1,1.0,-1.0,False,Q_learning,ABC
148,44,2,2,,10.0,True,Q_learning,ABC
149,45,0,0,1.0,,,Q_learning,ABC
150,45,1,0,1.0,-1.0,False,Q_learning,ABC
151,45,2,1,1.0,-1.0,False,Q_learning,ABC
152,45,3,2,,10.0,True,Q_learning,ABC
153,46,0,0,1.0,,,Q_learning,ABC
154,46,1,1,1.0,-1.0,False,Q_learning,ABC
155,46,2,2,,10.0,True,Q_learning,ABC
156,47,0,0,1.0,,,Q_learning,ABC
157,47,1,1,1.0,-1.0,False,Q_learning,ABC
158,47,2,2,,10.0,True,Q_learning,ABC
159,48,0,0,1.0,,,Q_learning,ABC
160,48,1,1,1.0,-1.0,False,Q_learning,ABC
161,48,2,1,1.0,-1.0,False,Q_learning,ABC
162,48,3,2,,10.0,True,Q_learning,ABC
163,49,0,0,1.0,,,Q_learning,ABC
164,49,1,1,1.0,-1.0,False,Q_learning,ABC
165,49,2,2,,10.0,True,Q_learning,ABC
166,50,0,0,1.0,,,Q_learning,ABC
167,50,1,1,1.0,-1.0,False,Q_learning,ABC
168,50,2,2,,10.0,True,Q_learning,ABC
169,51,0,0,1.0,,,Q_learning,ABC
170,51,1,0,1.0,-1.0,False,Q_learning,ABC
171,51,2,1,1.0,-1.0,False,Q_learning,ABC
172,51,3,2,,10.0,True,Q_learning,ABC
173,52,0,0,1.0,,,Q_learning,ABC
174,52,1,0,1.0,-1.0,False,Q_learning,ABC
175,52,2,1,1.0,-1.0,False,Q_learning,ABC
176,52,3,2,,10.0,True,Q_learning,ABC
177,53,0,0,1.0,,,Q_learning,ABC
178,53,1,1,1.0,-1.0,False,Q_learning,ABC
179,53,2,2,,10.0,True,Q_learning,ABC
180,54,0,0,1.0,,,Q_learning,ABC
181,54,1,1,1.0,-1.0,False,Q_learning,ABC
182,54,2,2,,10.0,True,Q_learning,ABC
183,55,0,0,1.0,,,Q_learning,ABC
184,55,1,1,1.0,-1.0,False,Q_learning,ABC
185,55,2,2,,10.0,True,Q_learning,ABC
186,56,0,0,1.0,,,Q_learning,ABC
187,56,1,1,1.0,-1.0,False,Q_learning,ABC
188,56,2,2,,10.0,True,Q_learning,ABC
189,57,0,0,1.0,,,Q_learning,ABC
190,57,1,1,1.0,-1.0,False,Q_learning,ABC
191,57,2,2,,10.0,True,Q_learning,ABC
192,58,0,0,1.0,,,Q_learning,ABC
193,58,1,1,1.0,-1.0,False,Q_learning,ABC
194,58,2,2,,10.0,True,Q_learning,ABC
195,59,0,0,1.0,,,Q_learning,ABC
196,59,1,1,1.0,-1.0,False,Q_learning,ABC
197,59,2,2,,10.0,True,Q_learning,ABC
198,60,0,0,1.0,,,Q_learning,ABC
199,60,1,1,1.0,-1.0,False,Q_learning,ABC
200,60,2,2,,10.0,True,Q_learning,ABC
201,61,0,0,1.0,,,Q_learning,ABC
202,61,1,1,1.0,-1.0,False,Q_learning,ABC
203,61,2,2,,10.0,True,Q_learning,ABC
204,62,0,0,1.0,,,Q_learning,ABC
205,62,1,1,1.0,-1.0,False,Q_learning,ABC
206,62,2,2,,10.0,True,Q_learning,ABC
207,63,0,0,1.0,,,Q_learning,ABC
208,63,1,1,1.0,-1.0,False,Q_learning,ABC
209,63,2,2,,10.0,True,Q_learning,ABC
210,64,0,0,1.0,,,Q_learning,ABC
211,64,1,1,1.0,-1.0,False,Q_learning,ABC
212,64,2,2,,10.0,True,Q_learning,ABC
213,65,0,0,1.0,,,Q_learning,ABC
214,65,1,1,1.0,-1.0,False,Q_learning,ABC
215,65,2,2,,10.0,True,Q_learning,ABC
216,66,0,0,1.0,,,Q_learning,ABC
217,66,1,1,1.0,-1.0,False,Q_learning,ABC
218,66,2,2,,10.0,True,Q_learning,ABC
219,67,0,0,1.0,,,Q_learning,ABC
220,67,1,1,1.0,-1.0,False,Q_learning,ABC
221,67,2,2,,10.0,True,Q_learning,ABC
222,68,0,0,1.0,,,Q_learning,ABC
223,68,1,1,1.0,-1.0,False,Q_learning,ABC
224,68,2,2,,10.0,True,Q_learning,ABC
225,69,0,0,1.0,,,Q_learning,ABC
226,69,1,1,1.0,-1.0,False,Q_learning,ABC
227,69,2,2,,10.0,True,Q_learning,ABC
228,70,0,0,1.0,,,Q_learning,ABC
229,70,1,0,1.0,-1.0,False,Q_learning,ABC
230,70,2,1,1.0,-1.0,False,Q_learning,ABC
231,70,3,2,,10.0,True,Q_learning,ABC
232,71,0,0,1.0,,,Q_learning,ABC
233,71,1,1,1.0,-1.0,False,Q_learning,ABC
234,71,2,2,,10.0,True,Q_learning,ABC
235,72,0,0,1.0,,,Q_learning,ABC
236,72,1,1,1.0,-1.0,False,Q_learning,ABC
237,72,2,2,,10.0,True,Q_learning,ABC
238,73,0,0,1.0,,,Q_learning,ABC
239,73,1,1,1.0,-1.0,False,Q_learning,ABC
240,73,2,2,,10.0,True,Q_learning,ABC
241,74,0,0,1.0,,,Q_learning,ABC
242,74,1,1,1.0,-1.0,False,Q_learning,ABC
243,74,2,2,,10.0,True,Q_learning,ABC
244,75,0,0,1.0,,,Q_learning,ABC
245,75,1,1,1.0,-1.0,False,Q_learning,ABC
246,75,2,2,,10.0,True,Q_learning,ABC
247,76,0,0,1.0,,,Q_learning,ABC
248,76,1,1,1.0,-1.0,False,Q_learning,ABC
249,76,2,2,,10.0,True,Q_learning,ABC
250,77,0,0,1.0,,,Q_learning,ABC
251,77,1,1,1.0,-1.0,False,Q_learning,ABC
252,77,2,2,,10.0,True,Q_learning,ABC
253,78,0,0,1.0,,,Q_learning,ABC
254,78,1,1,1.0,-1.0,False,Q_learning,ABC
255,78,2,2,,10.0,True,Q_learning,ABC
256,79,0,0,1.0,,,Q_learning,ABC
257,79,1,1,1.0,-1.0,False,Q_learning,ABC
258,79,2,2,,10.0,True,Q_learning,ABC
259,80,0,0,1.0,,,Q_learning,ABC
260,80,1,1,1.0,-1.0,False,Q_learning,ABC
261,80,2,2,,10.0,True,Q_learning,ABC
262,81,0,0,1.0,,,Q_learning,ABC
263,81,1,1,1.0,-1.0,False,Q_learning,ABC
264,81,2,2,,10.0,True,Q_learning,ABC
265,82,0,0,1.0,,,Q_learning,ABC
266,82,1,1,1.0,-1.0,False,Q_learning,ABC
267,82,2,2,,10.0,True,Q_learning,ABC
268,83,0,0,1.0,,,Q_learning,ABC
269,83,1,1,1.0,-1.0,False,Q_learning,ABC
270,83,2,2,,10.0,True,Q_learning,ABC
271,84,0,0,1.0,,,Q_learning,ABC
272,84,1,1,1.0,-1.0,False,Q_learning,ABC
273,84,2,2,,10.0,True,Q_learning,ABC
274,85,0,0,1.0,,,Q_learning,ABC
275,85,1,1,1.0,-1.0,False,Q_learning,ABC
276,85,2,2,,10.0,True,Q_learning,ABC
277,86,0,0,1.0,,,Q_learning,ABC
278,86,1,1,1.0,-1.0,False,Q_learning,ABC
279,86,2,2,,10.0,True,Q_learning,ABC
280,87,0,0,1.0,,,Q_learning,ABC
281,87,1,1,1.0,-1.0,False,Q_learning,ABC
282,87,2,2,,10.0,True,Q_learning,ABC
283,88,0,0,1.0,,,Q_learning,ABC
284,88,1,1,1.0,-1.0,False,Q_learning,ABC
285,88,2,1,1.0,-1.0,False,Q_learning,ABC
286,88,3,2,,10.0,True,Q_learning,ABC
287,89,0,0,1.0,,,Q_learning,ABC
288,89,1,1,1.0,-1.0,False,Q_learning,ABC
289,89,2,2,,10.0,True,Q_learning,ABC
290,90,0,0,1.0,,,Q_learning,ABC
291,90,1,1,1.0,-1.0,False,Q_learning,ABC
292,90,2,2,,10.0,True,Q_learning,ABC
293,91,0,0,1.0,,,Q_learning,ABC
294,91,1,1,1.0,-1.0,False,Q_learning,ABC
295,91,2,2,,10.0,True,Q_learning,ABC
296,92,0,0,1.0,,,Q_learning,ABC
297,92,1,1,1.0,-1.0,False,Q_learning,ABC
298,92,2,1,1.0,-1.0,False,Q_learning,ABC
299,92,3,1,1.0,-1.0,False,Q_learning,ABC
300,92,4,2,,10.0,True,Q_learning,ABC
301,93,0,0,1.0,,,Q_learning,ABC
302,93,1,1,1.0,-1.0,False,Q_learning,ABC
303,93,2,2,,10.0,True,Q_learning,ABC
304,94,0,0,1.0,,,Q_learning,ABC
305,94,1,1,1.0,-1.0,False,Q_learning,ABC
306,94,2,2,,10.0,True,Q_learning,ABC
307,95,0,0,1.0,,,Q_learning,ABC
308,95,1,1,1.0,-1.0,False,Q_learning,ABC
309,95,2,2,,10.0,True,Q_learning,ABC
310,96,0,0,1.0,,,Q_learning,ABC
311,96,1,1,1.0,-1.0,False,Q_learning,ABC
312,96,2,2,,10.0,True,Q_learning,ABC
313,97,0,0,1.0,,,Q_learning,ABC
314,97,1,1,1.0,-1.0,False,Q_learning,ABC
315,97,2,2,,10.0,True,Q_learning,ABC
316,98,0,0,1.0,,,Q_learning,ABC
317,98,1,0,1.0,-1.0,False,Q_learning,ABC
318,98,2,1,1.0,-1.0,False,Q_learning,ABC
319,98,3,2,,10.0,True,Q_learning,ABC
320,99,0,0,1.0,,,Q_learning,ABC
321,99,1,0,1.0,-1.0,False,Q_learning,ABC
322,99,2,1,1.0,-1.0,False,Q_learning,ABC
323,99,3,2,,10.0,True,Q_learning,ABC
324,100,0,0,1.0,,,Q_learning,ABC
325,100,1,1,1.0,-1.0,False,Q_learning,ABC
326,100,2,2,,10.0,True,Q_learning,ABC
327,101,0,0,1.0,,,Q_learning,ABC
328,101,1,0,1.0,-1.0,False,Q_learning,ABC
329,101,2,1,1.0,-1.0,False,Q_learning,ABC
330,101,3,2,,10.0,True,Q_learning,ABC
331,102,0,0,1.0,,,Q_learning,ABC
332,102,1,1,1.0,-1.0,False,Q_learning,ABC
333,102,2,2,,10.0,True,Q_learning,ABC
334,103,0,0,1.0,,,Q_learning,ABC
335,103,1,1,1.0,-1.0,False,Q_learning,ABC
336,103,2,2,,10.0,True,Q_learning,ABC
337,104,0,0,1.0,,,Q_learning,ABC
338,104,1,1,1.0,-1.0,False,Q_learning,ABC
339,104,2,2,,10.0,True,Q_learning,ABC
340,105,0,0,1.0,,,Q_learning,ABC
341,105,1,1,1.0,-1.0,False,Q_learning,ABC
342,105,2,2,,10.0,True,Q_learning,ABC
343,106,0,0,1.0,,,Q_learning,ABC
344,106,1,1,1.0,-1.0,False,Q_learning,ABC
345,106,2,2,,10.0,True,Q_learning,ABC
346,107,0,0,1.0,,,Q_learning,ABC
347,107,1,0,1.0,-1.0,False,Q_learning,ABC
348,107,2,1,1.0,-1.0,False,Q_learning,ABC
349,107,3,2,,10.0,True,Q_learning,ABC
350,108,0,0,1.0,,,Q_learning,ABC
351,108,1,1,1.0,-1.0,False,Q_learning,ABC
352,108,2,2,,10.0,True,Q_learning,ABC
353,109,0,0,1.0,,,Q_learning,ABC
354,109,1,1,1.0,-1.0,False,Q_learning,ABC
355,109,2,2,,10.0,True,Q_learning,ABC
356,110,0,0,1.0,,,Q_learning,ABC
357,110,1,1,1.0,-1.0,False,Q_learning,ABC
358,110,2,1,1.0,-1.0,False,Q_learning,ABC
359,110,3,2,,10.0,True,Q_learning,ABC
360,111,0,0,1.0,,,Q_learning,ABC
361,111,1,1,1.0,-1.0,False,Q_learning,ABC
362,111,2,2,,10.0,True,Q_learning,ABC
363,112,0,0,1.0,,,Q_learning,ABC
364,112,1,1,1.0,-1.0,False,Q_learning,ABC
365,112,2,2,,10.0,True,Q_learning,ABC
366,113,0,0,1.0,,,Q_learning,ABC
367,113,1,1,1.0,-1.0,False,Q_learning,ABC
368,113,2,2,,10.0,True,Q_learning,ABC
369,114,0,0,1.0,,,Q_learning,ABC
370,114,1,1,1.0,-1.0,False,Q_learning,ABC
371,114,2,2,,10.0,True,Q_learning,ABC
372,115,0,0,1.0,,,Q_learning,ABC
373,115,1,1,1.0,-1.0,False,Q_learning,ABC
374,115,2,2,,10.0,True,Q_learning,ABC
375,116,0,0,1.0,,,Q_learning,ABC
376,116,1,1,1.0,-1.0,False,Q_learning,ABC
377,116,2,2,,10.0,True,Q_learning,ABC
378,117,0,0,1.0,,,Q_learning,ABC
379,117,1,1,1.0,-1.0,False,Q_learning,ABC
380,117,2,2,,10.0,True,Q_learning,ABC
381,118,0,0,1.0,,,Q_learning,ABC
382,118,1,1,1.0,-1.0,False,Q_learning,ABC
383,118,2,2,,10.0,True,Q_learning,ABC
384,119,0,0,1.0,,,Q_learning,ABC
385,119,1,1,1.0,-1.0,False,Q_learning,ABC
386,119,2,2,,10.0,True,Q_learning,ABC
387,120,0,0,1.0,,,Q_learning,ABC
388,120,1,1,1.0,-1.0,False,Q_learning,ABC
389,120,2,2,,10.0,True,Q_learning,ABC
390,121,0,0,1.0,,,Q_learning,ABC
391,121,1,1,1.0,-1.0,False,Q_learning,ABC
392,121,2,2,,10.0,True,Q_learning,ABC
393,122,0,0,1.0,,,Q_learning,ABC
394,122,1,1,1.0,-1.0,False,Q_learning,ABC
395,122,2,2,,10.0,True,Q_learning,ABC
396,123,0,0,1.0,,,Q_learning,ABC
397,123,1,1,1.0,-1.0,False,Q_learning,ABC
398,123,2,2,,10.0,True,Q_learning,ABC
399,124,0,0,1.0,,,Q_learning,ABC
400,124,1,1,1.0,-1.0,False,Q_learning,ABC
401,124,2,2,,10.0,True,Q_learning,ABC
402,125,0,0,1.0,,,Q_learning,ABC
403,125,1,1,1.0,-1.0,False,Q_learning,ABC
404,125,2,2,,10.0,True,Q_learning,ABC
405,126,0,0,1.0,,,Q_learning,ABC
406,126,1,1,1.0,-1.0,False,Q_learning,ABC
407,126,2,2,,10.0,True,Q_learning,ABC
408,127,0,0,1.0,,,Q_learning,ABC
409,127,1,1,1.0,-1.0,False,Q_learning,ABC
410,127,2,2,,10.0,True,Q_learning,ABC
411,128,0,0,1.0,,,Q_learning,ABC
412,128,1,1,1.0,-1.0,False,Q_learning,ABC
413,128,2,2,,10.0,True,Q_learning,ABC
414,129,0,0,1.0,,,Q_learning,ABC
415,129,1,1,1.0,-1.0,False,Q_learning,ABC
416,129,2,2,,10.0,True,Q_learning,ABC
417,130,0,0,1.0,,,Q_learning,ABC
418,130,1,1,1.0,-1.0,False,Q_learning,ABC
419,130,2,2,,10.0,True,Q_learning,ABC
420,131,0,0,1.0,,,Q_learning,ABC
421,131,1,1,1.0,-1.0,False,Q_learning,ABC
422,131,2,2,,10.0,True,Q_learning,ABC
423,132,0,0,1.0,,,Q_learning,ABC
424,132,1,0,1.0,-1.0,False,Q_learning,ABC
425,132,2,1,1.0,-1.0,False,Q_learning,ABC
426,132,3,2,,10.0,True,Q_learning,ABC
427,133,0,0,1.0,,,Q_learning,ABC
428,133,1,0,1.0,-1.0,False,Q_learning,ABC
429,133,2,1,1.0,-1.0,False,Q_learning,ABC
430,133,3,2,,10.0,True,Q_learning,ABC
431,134,0,0,1.0,,,Q_learning,ABC
432,134,1,1,1.0,-1.0,False,Q_learning,ABC
433,134,2,2,,10.0,True,Q_learning,ABC
434,135,0,0,1.0,,,Q_learning,ABC
435,135,1,1,1.0,-1.0,False,Q_learning,ABC
436,135,2,2,,10.0,True,Q_learning,ABC
437,136,0,0,1.0,,,Q_learning,ABC
438,136,1,1,1.0,-1.0,False,Q_learning,ABC
439,136,2,2,,10.0,True,Q_learning,ABC
440,137,0,0,1.0,,,Q_learning,ABC
441,137,1,1,1.0,-1.0,False,Q_learning,ABC
442,137,2,2,,10.0,True,Q_learning,ABC
443,138,0,0,1.0,,,Q_learning,ABC
444,138,1,0,1.0,-1.0,False,Q_learning,ABC
445,138,2,0,1.0,-1.0,False,Q_learning,ABC
446,138,3,1,1.0,-1.0,False,Q_learning,ABC
447,138,4,2,,10.0,True,Q_learning,ABC
448,139,0,0,1.0,,,Q_learning,ABC
449,139,1,1,1.0,-1.0,False,Q_learning,ABC
450,139,2,2,,10.0,True,Q_learning,ABC
451,140,0,0,1.0,,,Q_learning,ABC
452,140,1,1,1.0,-1.0,False,Q_learning,ABC
453,140,2,2,,10.0,True,Q_learning,ABC
454,141,0,0,1.0,,,Q_learning,ABC
455,141,1,1,1.0,-1.0,False,Q_learning,ABC
456,141,2,2,,10.0,True,Q_learning,ABC
457,142,0,0,1.0,,,Q_learning,ABC
458,142,1,1,1.0,-1.0,False,Q_learning,ABC
459,142,2,2,,10.0,True,Q_learning,ABC
460,143,0,0,1.0,,,Q_learning,ABC
461,143,1,1,1.0,-1.0,False,Q_learning,ABC
462,143,2,1,1.0,-1.0,False,Q_learning,ABC
463,143,3,2,,10.0,True,Q_learning,ABC
464,144,0,0,1.0,,,Q_learning,ABC
465,144,1,1,1.0,-1.0,False,Q_learning,ABC
466,144,2,2,,10.0,True,Q_learning,ABC
467,145,0,0,1.0,,,Q_learning,ABC
468,145,1,1,1.0,-1.0,False,Q_learning,ABC
469,145,2,2,,10.0,True,Q_learning,ABC
470,146,0,0,1.0,,,Q_learning,ABC
471,146,1,1,1.0,-1.0,False,Q_learning,ABC
472,146,2,2,,10.0,True,Q_learning,ABC
473,147,0,0,1.0,,,Q_learning,ABC
474,147,1,0,1.0,-1.0,False,Q_learning,ABC
475,147,2,1,1.0,-1.0,False,Q_learning,ABC
476,147,3,2,,10.0,True,Q_learning,ABC
477,148,0,0,1.0,,,Q_learning,ABC
478,148,1,1,1.0,-1.0,False,Q_learning,ABC
479,148,2,2,,10.0,True,Q_learning,ABC
480,149,0,0,1.0,,,Q_learning,ABC
481,149,1,1,1.0,-1.0,False,Q_learning,ABC
482,149,2,2,,10.0,True,Q_learning,ABC
483,150,0,0,1.0,,,Q_learning,ABC
484,150,1,1,1.0,-1.0,False,Q_learning,ABC
485,150,2,1,1.0,-1.0,False,Q_learning,ABC
486,150,3,2,,10.0,True,Q_learning,ABC
487,151,0,0,1.0,,,Q_learning,ABC
488,151,1,1,1.0,-1.0,False,Q_learning,ABC
489,151,2,2,,10.0,True,Q_learning,ABC
490,152,0,0,1.0,,,Q_learning,ABC
491,152,1,1,1.0,-1.0,False,Q_learning,ABC
492,152,2,2,,10.0,True,Q_learning,ABC
493,153,0,0,1.0,,,Q_learning,ABC
494,153,1,1,1.0,-1.0,False,Q_learning,ABC
495,153,2,2,,10.0,True,Q_learning,ABC
496,154,0,0,1.0,,,Q_learning,ABC
497,154,1,1,1.0,-1.0,False,Q_learning,ABC
498,154,2,2,,10.0,True,Q_learning,ABC
499,155,0,0,1.0,,,Q_learning,ABC
500,155,1,1,1.0,-1.0,False,Q_learning,ABC
501,155,2,2,,10.0,True,Q_learning,ABC
502,156,0,0,1.0,,,Q_learning,ABC
503,156,1,0,1.0,-1.0,False,Q_learning,ABC
504,156,2,1,1.0,-1.0,False,Q_learning,ABC
505,156,3,1,1.0,-1.0,False,Q_learning,ABC
506,156,4,2,,10.0,True,Q_learning,ABC
507,157,0,0,1.0,,,Q_learning,ABC
508,157,1,1,1.0,-1.0,False,Q_learning,ABC
509,157,2,2,,10.0,True,Q_learning,ABC
510,158,0,0,1.0,,,Q_learning,ABC
511,158,1,1,1.0,-1.0,False,Q_learning,ABC
512,158,2,2,,10.0,True,Q_learning,ABC
513,159,0,0,1.0,,,Q_learning,ABC
514,159,1,1,1.0,-1.0,False,Q_learning,ABC
515,159,2,2,,10.0,True,Q_learning,ABC
516,160,0,0,1.0,,,Q_learning,ABC
517,160,1,1,1.0,-1.0,False,Q_learning,ABC
518,160,2,2,,10.0,True,Q_learning,ABC
519,161,0,0,1.0,,,Q_learning,ABC
520,161,1,1,1.0,-1.0,False,Q_learning,ABC
521,161,2,2,,10.0,True,Q_learning,ABC
522,162,0,0,1.0,,,Q_learning,ABC
523,162,1,1,1.0,-1.0,False,Q_learning,ABC
524,162,2,2,,10.0,True,Q_learning,ABC
525,163,0,0,1.0,,,Q_learning,ABC
526,163,1,1,1.0,-1.0,False,Q_learning,ABC
527,163,2,2,,10.0,True,Q_learning,ABC
528,164,0,0,1.0,,,Q_learning,ABC
529,164,1,1,1.0,-1.0,False,Q_learning,ABC
530,164,2,2,,10.0,True,Q_learning,ABC
531,165,0,0,1.0,,,Q_learning,ABC
532,165,1,1,1.0,-1.0,False,Q_learning,ABC
533,165,2,1,1.0,-1.0,False,Q_learning,ABC
534,165,3,2,,10.0,True,Q_learning,ABC
535,166,0,0,1.0,,,Q_learning,ABC
536,166,1,1,1.0,-1.0,False,Q_learning,ABC
537,166,2,2,,10.0,True,Q_learning,ABC
538,167,0,0,1.0,,,Q_learning,ABC
539,167,1,1,1.0,-1.0,False,Q_learning,ABC
540,167,2,2,,10.0,True,Q_learning,ABC
541,168,0,0,1.0,,,Q_learning,ABC
542,168,1,1,1.0,-1.0,False,Q_learning,ABC
543,168,2,2,,10.0,True,Q_learning,ABC
544,169,0,0,1.0,,,Q_learning,ABC
545,169,1,0,1.0,-1.0,False,Q_learning,ABC
546,169,2,1,1.0,-1.0,False,Q_learning,ABC
547,169,3,1,1.0,-1.0,False,Q_learning,ABC
548,169,4,2,,10.0,True,Q_learning,ABC
549,170,0,0,1.0,,,Q_learning,ABC
550,170,1,1,1.0,-1.0,False,Q_learning,ABC
551,170,2,2,,10.0,True,Q_learning,ABC
552,171,0,0,1.0,,,Q_learning,ABC
553,171,1,1,1.0,-1.0,False,Q_learning,ABC
554,171,2,2,,10.0,True,Q_learning,ABC
555,172,0,0,1.0,,,Q_learning,ABC
556,172,1,1,1.0,-1.0,False,Q_learning,ABC
557,172,2,2,,10.0,True,Q_learning,ABC
558,173,0,0,1.0,,,Q_learning,ABC
559,173,1,1,1.0,-1.0,False,Q_learning,ABC
560,173,2,2,,10.0,True,Q_learning,ABC
561,174,0,0,1.0,,,Q_learning,ABC
562,174,1,1,1.0,-1.0,False,Q_learning,ABC
563,174,2,2,,10.0,True,Q_learning,ABC
564,175,0,0,1.0,,,Q_learning,ABC
565,175,1,1,1.0,-1.0,False,Q_learning,ABC
566,175,2,2,,10.0,True,Q_learning,ABC
567,176,0,0,1.0,,,Q_learning,ABC
568,176,1,1,1.0,-1.0,False,Q_learning,ABC
569,176,2,2,,10.0,True,Q_learning,ABC
570,177,0,0,1.0,,,Q_learning,ABC
571,177,1,1,1.0,-1.0,False,Q_learning,ABC
572,177,2,2,,10.0,True,Q_learning,ABC
573,178,0,0,1.0,,,Q_learning,ABC
574,178,1,1,1.0,-1.0,False,Q_learning,ABC
575,178,2,2,,10.0,True,Q_learning,ABC
576,179,0,0,0.0,,,Q_learning,ABC
577,179,1,0,1.0,-1.0,False,Q_learning,ABC
578,179,2,1,1.0,-1.0,False,Q_learning,ABC
579,179,3,2,,10.0,True,Q_learning,ABC
580,180,0,0,1.0,,,Q_learning,ABC
581,180,1,1,1.0,-1.0,False,Q_learning,ABC
582,180,2,2,,10.0,True,Q_learning,ABC
583,181,0,0,1.0,,,Q_learning,ABC
584,181,1,1,1.0,-1.0,False,Q_learning,ABC
585,181,2,2,,10.0,True,Q_learning,ABC
586,182,0,0,1.0,,,Q_learning,ABC
587,182,1,1,1.0,-1.0,False,Q_learning,ABC
588,182,2,2,,10.0,True,Q_learning,ABC
589,183,0,0,1.0,,,Q_learning,ABC
590,183,1,1,1.0,-1.0,False,Q_learning,ABC
591,183,2,2,,10.0,True,Q_learning,ABC
592,184,0,0,1.0,,,Q_learning,ABC
593,184,1,1,1.0,-1.0,False,Q_learning,ABC
594,184,2,2,,10.0,True,Q_learning,ABC
595,185,0,0,1.0,,,Q_learning,ABC
596,185,1,1,1.0,-1.0,False,Q_learning,ABC
597,185,2,2,,10.0,True,Q_learning,ABC
598,186,0,0,1.0,,,Q_learning,ABC
599,186,1,1,1.0,-1.0,False,Q_learning,ABC
600,186,2,2,,10.0,True,Q_learning,ABC
601,187,0,0,1.0,,,Q_learning,ABC
602,187,1,1,1.0,-1.0,False,Q_learning,ABC
603,187,2,2,,10.0,True,Q_learning,ABC
604,188,0,0,1.0,,,Q_learning,ABC
605,188,1,1,1.0,-1.0,False,Q_learning,ABC
606,188,2,2,,10.0,True,Q_learning,ABC
607,189,0,0,1.0,,,Q_learning,ABC
608,189,1,1,1.0,-1.0,False,Q_learning,ABC
609,189,2,2,,10.0,True,Q_learning,ABC
610,190,0,0,1.0,,,Q_learning,ABC
611,190,1,0,1.0,-1.0,False,Q_learning,ABC
612,190,2,1,1.0,-1.0,False,Q_learning,ABC
613,190,3,1,1.0,-1.0,False,Q_learning,ABC
614,190,4,2,,10.0,True,Q_learning,ABC
615,191,0,0,1.0,,,Q_learning,ABC
616,191,1,1,1.0,-1.0,False,Q_learning,ABC
617,191,2,2,,10.0,True,Q_learning,ABC
618,192,0,0,1.0,,,Q_learning,ABC
619,192,1,1,1.0,-1.0,False,Q_learning,ABC
620,192,2,2,,10.0,True,Q_learning,ABC
621,193,0,0,1.0,,,Q_learning,ABC
622,193,1,0,1.0,-1.0,False,Q_learning,ABC
623,193,2,1,1.0,-1.0,False,Q_learning,ABC
624,193,3,2,,10.0,True,Q_learning,ABC
625,194,0,0,1.0,,,Q_learning,ABC
626,194,1,1,1.0,-1.0,False,Q_learning,ABC
627,194,2,2,,10.0,True,Q_learning,ABC
628,195,0,0,1.0,,,Q_learning,ABC
629,195,1,1,1.0,-1.0,False,Q_learning,ABC
630,195,2,2,,10.0,True,Q_learning,ABC
631,196,0,0,1.0,,,Q_learning,ABC
632,196,1,1,1.0,-1.0,False,Q_learning,ABC
633,196,2,2,,10.0,True,Q_learning,ABC
634,197,0,0,1.0,,,Q_learning,ABC
635,197,1,1,1.0,-1.0,False,Q_learning,ABC
636,197,2,2,,10.0,True,Q_learning,ABC
637,198,0,0,1.0,,,Q_learning,ABC
638,198,1,0,1.0,-1.0,False,Q_learning,ABC
639,198,2,1,1.0,-1.0,False,Q_learning,ABC
640,198,3,1,1.0,-1.0,False,Q_learning,ABC
641,198,4,1,1.0,-1.0,False,Q_learning,ABC
642,198,5,1,1.0,-1.0,False,Q_learning,ABC
643,198,6,2,,10.0,True,Q_learning,ABC
644,199,0,0,1.0,,,Q_learning,ABC
645,199,1,1,1.0,-1.0,False,Q_learning,ABC
646,199,2,2,,10.0,True,Q_learning,ABC
647,200,0,0,1.0,,,Q_learning,ABC
648,200,1,1,1.0,-1.0,False,Q_learning,ABC
649,200,2,2,,10.0,True,Q_learning,ABC
650,201,0,0,1.0,,,Q_learning,ABC
651,201,1,1,1.0,-1.0,False,Q_learning,ABC
652,201,2,2,,10.0,True,Q_learning,ABC
653,202,0,0,1.0,,,Q_learning,ABC
654,202,1,1,1.0,-1.0,False,Q_learning,ABC
655,202,2,2,,10.0,True,Q_learning,ABC
656,203,0,0,1.0,,,Q_learning,ABC
657,203,1,1,1.0,-1.0,False,Q_learning,ABC
658,203,2,2,,10.0,True,Q_learning,ABC
659,204,0,0,1.0,,,Q_learning,ABC
660,204,1,1,1.0,-1.0,False,Q_learning,ABC
661,204,2,2,,10.0,True,Q_learning,ABC
662,205,0,0,1.0,,,Q_learning,ABC
663,205,1,1,1.0,-1.0,False,Q_learning,ABC
664,205,2,2,,10.0,True,Q_learning,ABC
665,206,0,0,1.0,,,Q_learning,ABC
666,206,1,1,1.0,-1.0,False,Q_learning,ABC
667,206,2,2,,10.0,True,Q_learning,ABC
668,207,0,0,1.0,,,Q_learning,ABC
669,207,1,1,1.0,-1.0,False,Q_learning,ABC
670,207,2,2,,10.0,True,Q_learning,ABC
671,208,0,0,1.0,,,Q_learning,ABC
672,208,1,1,1.0,-1.0,False,Q_learning,ABC
673,208,2,2,,10.0,True,Q_learning,ABC
674,209,0,0,1.0,,,Q_learning,ABC
675,209,1,1,1.0,-1.0,False,Q_learning,ABC
676,209,2,2,,10.0,True,Q_learning,ABC
677,210,0,0,1.0,,,Q_learning,ABC
678,210,1,1,1.0,-1.0,False,Q_learning,ABC
679,210,2,2,,10.0,True,Q_learning,ABC
680,211,0,0,1.0,,,Q_learning,ABC
681,211,1,1,1.0,-1.0,False,Q_learning,ABC
682,211,2,2,,10.0,True,Q_learning,ABC
683,212,0,0,1.0,,,Q_learning,ABC
684,212,1,1,1.0,-1.0,False,Q_learning,ABC
685,212,2,2,,10.0,True,Q_learning,ABC
686,213,0,0,1.0,,,Q_learning,ABC
687,213,1,1,1.0,-1.0,False,Q_learning,ABC
688,213,2,2,,10.0,True,Q_learning,ABC
689,214,0,0,1.0,,,Q_learning,ABC
690,214,1,1,1.0,-1.0,False,Q_learning,ABC
691,214,2,2,,10.0,True,Q_learning,ABC
692,215,0,0,1.0,,,Q_learning,ABC
693,215,1,1,1.0,-1.0,False,Q_learning,ABC
694,215,2,1,1.0,-1.0,False,Q_learning,ABC
695,215,3,2,,10.0,True,Q_learning,ABC
696,216,0,0,1.0,,,Q_learning,ABC
697,216,1,1,1.0,-1.0,False,Q_learning,ABC
698,216,2,2,,10.0,True,Q_learning,ABC
699,217,0,0,1.0,,,Q_learning,ABC
700,217,1,1,1.0,-1.0,False,Q_learning,ABC
701,217,2,2,,10.0,True,Q_learning,ABC
702,218,0,0,1.0,,,Q_learning,ABC
703,218,1,0,0.0,-1.0,False,Q_learning,ABC
704,218,2,0,1.0,-1.0,False,Q_learning,ABC
705,218,3,1,1.0,-1.0,False,Q_learning,ABC
706,218,4,1,1.0,-1.0,False,Q_learning,ABC
707,218,5,2,,10.0,True,Q_learning,ABC
708,219,0,0,1.0,,,Q_learning,ABC
709,219,1,1,1.0,-1.0,False,Q_learning,ABC
710,219,2,2,,10.0,True,Q_learning,ABC
711,220,0,0,1.0,,,Q_learning,ABC
712,220,1,1,1.0,-1.0,False,Q_learning,ABC
713,220,2,2,,10.0,True,Q_learning,ABC
714,221,0,0,1.0,,,Q_learning,ABC
715,221,1,1,1.0,-1.0,False,Q_learning,ABC
716,221,2,2,,10.0,True,Q_learning,ABC
717,222,0,0,1.0,,,Q_learning,ABC
718,222,1,1,1.0,-1.0,False,Q_learning,ABC
719,222,2,2,,10.0,True,Q_learning,ABC
720,223,0,0,1.0,,,Q_learning,ABC
721,223,1,1,1.0,-1.0,False,Q_learning,ABC
722,223,2,1,1.0,-1.0,False,Q_learning,ABC
723,223,3,1,1.0,-1.0,False,Q_learning,ABC
724,223,4,2,,10.0,True,Q_learning,ABC
725,224,0,0,1.0,,,Q_learning,ABC
726,224,1,1,1.0,-1.0,False,Q_learning,ABC
727,224,2,2,,10.0,True,Q_learning,ABC
728,225,0,0,1.0,,,Q_learning,ABC
729,225,1,0,1.0,-1.0,False,Q_learning,ABC
730,225,2,1,1.0,-1.0,False,Q_learning,ABC
731,225,3,2,,10.0,True,Q_learning,ABC
732,226,0,0,1.0,,,Q_learning,ABC
733,226,1,1,1.0,-1.0,False,Q_learning,ABC
734,226,2,2,,10.0,True,Q_learning,ABC
735,227,0,0,1.0,,,Q_learning,ABC
736,227,1,1,1.0,-1.0,False,Q_learning,ABC
737,227,2,2,,10.0,True,Q_learning,ABC
738,228,0,0,1.0,,,Q_learning,ABC
739,228,1,1,1.0,-1.0,False,Q_learning,ABC
740,228,2,2,,10.0,True,Q_learning,ABC
741,229,0,0,1.0,,,Q_learning,ABC
742,229,1,1,1.0,-1.0,False,Q_learning,ABC
743,229,2,1,1.0,-1.0,False,Q_learning,ABC
744,229,3,2,,10.0,True,Q_learning,ABC
745,230,0,0,1.0,,,Q_learning,ABC
746,230,1,1,1.0,-1.0,False,Q_learning,ABC
747,230,2,2,,10.0,True,Q_learning,ABC
748,231,0,0,1.0,,,Q_learning,ABC
749,231,1,1,1.0,-1.0,False,Q_learning,ABC
750,231,2,2,,10.0,True,Q_learning,ABC
751,232,0,0,1.0,,,Q_learning,ABC
752,232,1,1,1.0,-1.0,False,Q_learning,ABC
753,232,2,2,,10.0,True,Q_learning,ABC
754,233,0,0,1.0,,,Q_learning,ABC
755,233,1,1,1.0,-1.0,False,Q_learning,ABC
756,233,2,2,,10.0,True,Q_learning,ABC
757,234,0,0,1.0,,,Q_learning,ABC
758,234,1,1,1.0,-1.0,False,Q_learning,ABC
759,234,2,2,,10.0,True,Q_learning,ABC
760,235,0,0,1.0,,,Q_learning,ABC
761,235,1,0,1.0,-1.0,False,Q_learning,ABC
762,235,2,1,1.0,-1.0,False,Q_learning,ABC
763,235,3,2,,10.0,True,Q_learning,ABC
764,236,0,0,1.0,,,Q_learning,ABC
765,236,1,1,1.0,-1.0,False,Q_learning,ABC
766,236,2,2,,10.0,True,Q_learning,ABC
767,237,0,0,1.0,,,Q_learning,ABC
768,237,1,0,1.0,-1.0,False,Q_learning,ABC
769,237,2,1,1.0,-1.0,False,Q_learning,ABC
770,237,3,2,,10.0,True,Q_learning,ABC
771,238,0,0,1.0,,,Q_learning,ABC
772,238,1,1,1.0,-1.0,False,Q_learning,ABC
773,238,2,2,,10.0,True,Q_learning,ABC
774,239,0,0,1.0,,,Q_learning,ABC
775,239,1,1,1.0,-1.0,False,Q_learning,ABC
776,239,2,2,,10.0,True,Q_learning,ABC
777,240,0,0,1.0,,,Q_learning,ABC
778,240,1,0,1.0,-1.0,False,Q_learning,ABC
779,240,2,1,1.0,-1.0,False,Q_learning,ABC
780,240,3,2,,10.0,True,Q_learning,ABC
781,241,0,0,1.0,,,Q_learning,ABC
782,241,1,1,1.0,-1.0,False,Q_learning,ABC
783,241,2,2,,10.0,True,Q_learning,ABC
784,242,0,0,1.0,,,Q_learning,ABC
785,242,1,1,1.0,-1.0,False,Q_learning,ABC
786,242,2,2,,10.0,True,Q_learning,ABC
787,243,0,0,1.0,,,Q_learning,ABC
788,243,1,1,1.0,-1.0,False,Q_learning,ABC
789,243,2,2,,10.0,True,Q_learning,ABC
790,244,0,0,1.0,,,Q_learning,ABC
791,244,1,0,1.0,-1.0,False,Q_learning,ABC
792,244,2,1,1.0,-1.0,False,Q_learning,ABC
793,244,3,2,,10.0,True,Q_learning,ABC
794,245,0,0,1.0,,,Q_learning,ABC
795,245,1,1,1.0,-1.0,False,Q_learning,ABC
796,245,2,2,,10.0,True,Q_learning,ABC
797,246,0,0,1.0,,,Q_learning,ABC
798,246,1,1,1.0,-1.0,False,Q_learning,ABC
799,246,2,2,,10.0,True,Q_learning,ABC
800,247,0,0,1.0,,,Q_learning,ABC
801,247,1,1,1.0,-1.0,False,Q_learning,ABC
802,247,2,2,,10.0,True,Q_learning,ABC
803,248,0,0,1.0,,,Q_learning,ABC
804,248,1,1,1.0,-1.0,False,Q_learning,ABC
805,248,2,2,,10.0,True,Q_learning,ABC
806,249,0,0,1.0,,,Q_learning,ABC
807,249,1,1,1.0,-1.0,False,Q_learning,ABC
808,249,2,2,,10.0,True,Q_learning,ABC
809,250,0,0,1.0,,,Q_learning,ABC
810,250,1,1,1.0,-1.0,False,Q_learning,ABC
811,250,2,2,,10.0,True,Q_learning,ABC
812,251,0,0,1.0,,,Q_learning,ABC
813,251,1,1,1.0,-1.0,False,Q_learning,ABC
814,251,2,2,,10.0,True,Q_learning,ABC
815,252,0,0,1.0,,,Q_learning,ABC
816,252,1,1,1.0,-1.0,False,Q_learning,ABC
817,252,2,2,,10.0,True,Q_learning,ABC
818,253,0,0,1.0,,,Q_learning,ABC
819,253,1,1,1.0,-1.0,False,Q_learning,ABC
820,253,2,2,,10.0,True,Q_learning,ABC
821,254,0,0,1.0,,,Q_learning,ABC
822,254,1,1,1.0,-1.0,False,Q_learning,ABC
823,254,2,2,,10.0,True,Q_learning,ABC
824,255,0,0,1.0,,,Q_learning,ABC
825,255,1,1,1.0,-1.0,False,Q_learning,ABC
826,255,2,2,,10.0,True,Q_learning,ABC
827,256,0,0,1.0,,,Q_learning,ABC
828,256,1,1,1.0,-1.0,False,Q_learning,ABC
829,256,2,2,,10.0,True,Q_learning,ABC
830,257,0,0,1.0,,,Q_learning,ABC
831,257,1,1,1.0,-1.0,False,Q_learning,ABC
832,257,2,2,,10.0,True,Q_learning,ABC
833,258,0,0,1.0,,,Q_learning,ABC
834,258,1,1,1.0,-1.0,False,Q_learning,ABC
835,258,2,2,,10.0,True,Q_learning,ABC
836,259,0,0,1.0,,,Q_learning,ABC
837,259,1,1,1.0,-1.0,False,Q_learning,ABC
838,259,2,2,,10.0,True,Q_learning,ABC
839,260,0,0,1.0,,,Q_learning,ABC
840,260,1,1,1.0,-1.0,False,Q_learning,ABC
841,260,2,2,,10.0,True,Q_learning,ABC
842,261,0,0,1.0,,,Q_learning,ABC
843,261,1,1,1.0,-1.0,False,Q_learning,ABC
844,261,2,2,,10.0,True,Q_learning,ABC
845,262,0,0,1.0,,,Q_learning,ABC
846,262,1,1,1.0,-1.0,False,Q_learning,ABC
847,262,2,2,,10.0,True,Q_learning,ABC
848,263,0,0,1.0,,,Q_learning,ABC
849,263,1,1,1.0,-1.0,False,Q_learning,ABC
850,263,2,2,,10.0,True,Q_learning,ABC
851,264,0,0,1.0,,,Q_learning,ABC
852,264,1,1,1.0,-1.0,False,Q_learning,ABC
853,264,2,2,,10.0,True,Q_learning,ABC
854,265,0,0,1.0,,,Q_learning,ABC
855,265,1,1,1.0,-1.0,False,Q_learning,ABC
856,265,2,2,,10.0,True,Q_learning,ABC
857,266,0,0,1.0,,,Q_learning,ABC
858,266,1,1,1.0,-1.0,False,Q_learning,ABC
859,266,2,2,,10.0,True,Q_learning,ABC
860,267,0,0,1.0,,,Q_learning,ABC
861,267,1,0,1.0,-1.0,False,Q_learning,ABC
862,267,2,1,1.0,-1.0,False,Q_learning,ABC
863,267,3,2,,10.0,True,Q_learning,ABC
864,268,0,0,1.0,,,Q_learning,ABC
865,268,1,1,1.0,-1.0,False,Q_learning,ABC
866,268,2,2,,10.0,True,Q_learning,ABC
867,269,0,0,1.0,,,Q_learning,ABC
868,269,1,1,1.0,-1.0,False,Q_learning,ABC
869,269,2,2,,10.0,True,Q_learning,ABC
870,270,0,0,1.0,,,Q_learning,ABC
871,270,1,1,1.0,-1.0,False,Q_learning,ABC
872,270,2,2,,10.0,True,Q_learning,ABC
873,271,0,0,1.0,,,Q_learning,ABC
874,271,1,0,1.0,-1.0,False,Q_learning,ABC
875,271,2,1,1.0,-1.0,False,Q_learning,ABC
876,271,3,2,,10.0,True,Q_learning,ABC
877,272,0,0,1.0,,,Q_learning,ABC
878,272,1,1,1.0,-1.0,False,Q_learning,ABC
879,272,2,2,,10.0,True,Q_learning,ABC
880,273,0,0,1.0,,,Q_learning,ABC
881,273,1,1,1.0,-1.0,False,Q_learning,ABC
882,273,2,2,,10.0,True,Q_learning,ABC
883,274,0,0,1.0,,,Q_learning,ABC
884,274,1,1,1.0,-1.0,False,Q_learning,ABC
885,274,2,2,,10.0,True,Q_learning,ABC
886,275,0,0,0.0,,,Q_learning,ABC
887,275,1,0,1.0,-1.0,False,Q_learning,ABC
888,275,2,1,1.0,-1.0,False,Q_learning,ABC
889,275,3,2,,10.0,True,Q_learning,ABC
890,276,0,0,1.0,,,Q_learning,ABC
891,276,1,1,1.0,-1.0,False,Q_learning,ABC
892,276,2,2,,10.0,True,Q_learning,ABC
893,277,0,0,1.0,,,Q_learning,ABC
894,277,1,1,1.0,-1.0,False,Q_learning,ABC
895,277,2,2,,10.0,True,Q_learning,ABC
896,278,0,0,1.0,,,Q_learning,ABC
897,278,1,0,1.0,-1.0,False,Q_learning,ABC
898,278,2,0,1.0,-1.0,False,Q_learning,ABC
899,278,3,1,1.0,-1.0,False,Q_learning,ABC
900,278,4,2,,10.0,True,Q_learning,ABC
901,279,0,0,1.0,,,Q_learning,ABC
902,279,1,1,1.0,-1.0,False,Q_learning,ABC
903,279,2,2,,10.0,True,Q_learning,ABC
904,280,0,0,1.0,,,Q_learning,ABC
905,280,1,1,1.0,-1.0,False,Q_learning,ABC
906,280,2,2,,10.0,True,Q_learning,ABC
907,281,0,0,1.0,,,Q_learning,ABC
908,281,1,0,1.0,-1.0,False,Q_learning,ABC
909,281,2,1,1.0,-1.0,False,Q_learning,ABC
910,281,3,2,,10.0,True,Q_learning,ABC
911,282,0,0,1.0,,,Q_learning,ABC
912,282,1,1,1.0,-1.0,False,Q_learning,ABC
913,282,2,2,,10.0,True,Q_learning,ABC
914,283,0,0,1.0,,,Q_learning,ABC
915,283,1,1,1.0,-1.0,False,Q_learning,ABC
916,283,2,2,,10.0,True,Q_learning,ABC
917,284,0,0,1.0,,,Q_learning,ABC
918,284,1,1,1.0,-1.0,False,Q_learning,ABC
919,284,2,2,,10.0,True,Q_learning,ABC
920,285,0,0,1.0,,,Q_learning,ABC
921,285,1,1,1.0,-1.0,False,Q_learning,ABC
922,285,2,2,,10.0,True,Q_learning,ABC
923,286,0,0,1.0,,,Q_learning,ABC
924,286,1,1,1.0,-1.0,False,Q_learning,ABC
925,286,2,2,,10.0,True,Q_learning,ABC
926,287,0,0,1.0,,,Q_learning,ABC
927,287,1,1,1.0,-1.0,False,Q_learning,ABC
928,287,2,2,,10.0,True,Q_learning,ABC
929,288,0,0,1.0,,,Q_learning,ABC
930,288,1,1,1.0,-1.0,False,Q_learning,ABC
931,288,2,1,1.0,-1.0,False,Q_learning,ABC
932,288,3,1,1.0,-1.0,False,Q_learning,ABC
933,288,4,2,,10.0,True,Q_learning,ABC
934,289,0,0,1.0,,,Q_learning,ABC
935,289,1,1,1.0,-1.0,False,Q_learning,ABC
936,289,2,2,,10.0,True,Q_learning,ABC
937,290,0,0,1.0,,,Q_learning,ABC
938,290,1,0,1.0,-1.0,False,Q_learning,ABC
939,290,2,1,1.0,-1.0,False,Q_learning,ABC
940,290,3,2,,10.0,True,Q_learning,ABC
941,291,0,0,1.0,,,Q_learning,ABC
942,291,1,1,1.0,-1.0,False,Q_learning,ABC
943,291,2,2,,10.0,True,Q_learning,ABC
944,292,0,0,1.0,,,Q_learning,ABC
945,292,1,1,1.0,-1.0,False,Q_learning,ABC
946,292,2,2,,10.0,True,Q_learning,ABC
947,293,0,0,1.0,,,Q_learning,ABC
948,293,1,1,1.0,-1.0,False,Q_learning,ABC
949,293,2,2,,10.0,True,Q_learning,ABC
950,294,0,0,1.0,,,Q_learning,ABC
951,294,1,1,1.0,-1.0,False,Q_learning,ABC
952,294,2,2,,10.0,True,Q_learning,ABC
953,295,0,0,1.0,,,Q_learning,ABC
954,295,1,0,1.0,-1.0,False,Q_learning,ABC
955,295,2,1,1.0,-1.0,False,Q_learning,ABC
956,295,3,2,,10.0,True,Q_learning,ABC
957,296,0,0,1.0,,,Q_learning,ABC
958,296,1,1,1.0,-1.0,False,Q_learning,ABC
959,296,2,2,,10.0,True,Q_learning,ABC
960,297,0,0,0.0,,,Q_learning,ABC
961,297,1,0,1.0,-1.0,False,Q_learning,ABC
962,297,2,1,1.0,-1.0,False,Q_learning,ABC
963,297,3,2,,10.0,True,Q_learning,ABC
964,298,0,0,1.0,,,Q_learning,ABC
965,298,1,0,1.0,-1.0,False,Q_learning,ABC
966,298,2,1,1.0,-1.0,False,Q_learning,ABC
967,298,3,2,,10.0,True,Q_learning,ABC
968,299,0,0,1.0,,,Q_learning,ABC
969,299,1,1,1.0,-1.0,False,Q_learning,ABC
970,299,2,2,,10.0,True,Q_learning,ABC
971,300,0,0,1.0,,,Q_learning,ABC
972,300,1,1,1.0,-1.0,False,Q_learning,ABC
973,300,2,2,,10.0,True,Q_learning,ABC
974,301,0,0,1.0,,,Q_learning,ABC
975,301,1,1,1.0,-1.0,False,Q_learning,ABC
976,301,2,2,,10.0,True,Q_learning,ABC
977,302,0,0,1.0,,,Q_learning,ABC
978,302,1,1,1.0,-1.0,False,Q_learning,ABC
979,302,2,2,,10.0,True,Q_learning,ABC
980,303,0,0,1.0,,,Q_learning,ABC
981,303,1,1,1.0,-1.0,False,Q_learning,ABC
982,303,2,2,,10.0,True,Q_learning,ABC
983,304,0,0,1.0,,,Q_learning,ABC
984,304,1,1,1.0,-1.0,False,Q_learning,ABC
985,304,2,2,,10.0,True,Q_learning,ABC
986,305,0,0,1.0,,,Q_learning,ABC
987,305,1,1,1.0,-1.0,False,Q_learning,ABC
988,305,2,2,,10.0,True,Q_learning,ABC
989,306,0,0,1.0,,,Q_learning,ABC
990,306,1,1,1.0,-1.0,False,Q_learning,ABC
991,306,2,1,1.0,-1.0,False,Q_learning,ABC
992,306,3,2,,10.0,True,Q_learning,ABC
993,307,0,0,1.0,,,Q_learning,ABC
994,307,1,1,1.0,-1.0,False,Q_learning,ABC
995,307,2,2,,10.0,True,Q_learning,ABC
996,308,0,0,1.0,,,Q_learning,ABC
997,308,1,1,1.0,-1.0,False,Q_learning,ABC
998,308,2,2,,10.0,True,Q_learning,ABC
999,309,0,0,1.0,,,Q_learning,ABC
1000,309,1,1,1.0,-1.0,False,Q_learning,ABC
1001,309,2,2,,10.0,True,Q_learning,ABC
1002,310,0,0,1.0,,,Q_learning,ABC
1003,310,1,1,1.0,-1.0,False,Q_learning,ABC
1004,310,2,2,,10.0,True,Q_learning,ABC
1005,311,0,0,1.0,,,Q_learning,ABC
1006,311,1,1,1.0,-1.0,False,Q_learning,ABC
1007,311,2,2,,10.0,True,Q_learning,ABC
1008,312,0,0,1.0,,,Q_learning,ABC
1009,312,1,1,1.0,-1.0,False,Q_learning,ABC
1010,312,2,2,,10.0,True,Q_learning,ABC
1011,313,0,0,1.0,,,Q_learning,ABC
1012,313,1,1,1.0,-1.0,False,Q_learning,ABC
1013,313,2,1,1.0,-1.0,False,Q_learning,ABC
1014,313,3,2,,10.0,True,Q_learning,ABC
1015,314,0,0,1.0,,,Q_learning,ABC
1016,314,1,1,1.0,-1.0,False,Q_learning,ABC
1017,314,2,2,,10.0,True,Q_learning,ABC
1018,315,0,0,1.0,,,Q_learning,ABC
1019,315,1,1,1.0,-1.0,False,Q_learning,ABC
1020,315,2,2,,10.0,True,Q_learning,ABC
1021,316,0,0,1.0,,,Q_learning,ABC
1022,316,1,1,1.0,-1.0,False,Q_learning,ABC
1023,316,2,2,,10.0,True,Q_learning,ABC
1024,317,0,0,1.0,,,Q_learning,ABC
1025,317,1,1,0.0,-1.0,False,Q_learning,ABC
1026,317,2,0,1.0,-1.0,False,Q_learning,ABC
1027,317,3,1,1.0,-1.0,False,Q_learning,ABC
1028,317,4,2,,10.0,True,Q_learning,ABC
1029,318,0,0,1.0,,,Q_learning,ABC
1030,318,1,1,1.0,-1.0,False,Q_learning,ABC
1031,318,2,2,,10.0,True,Q_learning,ABC
1032,319,0,0,1.0,,,Q_learning,ABC
1033,319,1,0,1.0,-1.0,False,Q_learning,ABC
1034,319,2,0,1.0,-1.0,False,Q_learning,ABC
1035,319,3,1,1.0,-1.0,False,Q_learning,ABC
1036,319,4,2,,10.0,True,Q_learning,ABC
1037,320,0,0,1.0,,,Q_learning,ABC
1038,320,1,0,1.0,-1.0,False,Q_learning,ABC
1039,320,2,1,1.0,-1.0,False,Q_learning,ABC
1040,320,3,2,,10.0,True,Q_learning,ABC
1041,321,0,0,1.0,,,Q_learning,ABC
1042,321,1,1,1.0,-1.0,False,Q_learning,ABC
1043,321,2,2,,10.0,True,Q_learning,ABC
1044,322,0,0,1.0,,,Q_learning,ABC
1045,322,1,1,1.0,-1.0,False,Q_learning,ABC
1046,322,2,2,,10.0,True,Q_learning,ABC
1047,323,0,0,1.0,,,Q_learning,ABC
1048,323,1,1,1.0,-1.0,False,Q_learning,ABC
1049,323,2,1,1.0,-1.0,False,Q_learning,ABC
1050,323,3,2,,10.0,True,Q_learning,ABC
1051,324,0,0,1.0,,,Q_learning,ABC
1052,324,1,0,1.0,-1.0,False,Q_learning,ABC
1053,324,2,1,1.0,-1.0,False,Q_learning,ABC
1054,324,3,2,,10.0,True,Q_learning,ABC
1055,325,0,0,1.0,,,Q_learning,ABC
1056,325,1,1,1.0,-1.0,False,Q_learning,ABC
1057,325,2,2,,10.0,True,Q_learning,ABC
1058,326,0,0,1.0,,,Q_learning,ABC
1059,326,1,1,1.0,-1.0,False,Q_learning,ABC
1060,326,2,1,1.0,-1.0,False,Q_learning,ABC
1061,326,3,2,,10.0,True,Q_learning,ABC
1062,327,0,0,1.0,,,Q_learning,ABC
1063,327,1,1,1.0,-1.0,False,Q_learning,ABC
1064,327,2,2,,10.0,True,Q_learning,ABC
1065,328,0,0,1.0,,,Q_learning,ABC
1066,328,1,1,1.0,-1.0,False,Q_learning,ABC
1067,328,2,2,,10.0,True,Q_learning,ABC
1068,329,0,0,1.0,,,Q_learning,ABC
1069,329,1,1,1.0,-1.0,False,Q_learning,ABC
1070,329,2,2,,10.0,True,Q_learning,ABC
1071,330,0,0,1.0,,,Q_learning,ABC
1072,330,1,1,1.0,-1.0,False,Q_learning,ABC
1073,330,2,2,,10.0,True,Q_learning,ABC
1074,331,0,0,1.0,,,Q_learning,ABC
1075,331,1,1,1.0,-1.0,False,Q_learning,ABC
1076,331,2,2,,10.0,True,Q_learning,ABC
1077,332,0,0,1.0,,,Q_learning,ABC
1078,332,1,1,1.0,-1.0,False,Q_learning,ABC
1079,332,2,2,,10.0,True,Q_learning,ABC
1080,333,0,0,1.0,,,Q_learning,ABC
1081,333,1,1,1.0,-1.0,False,Q_learning,ABC
1082,333,2,2,,10.0,True,Q_learning,ABC
1083,334,0,0,1.0,,,Q_learning,ABC
1084,334,1,1,1.0,-1.0,False,Q_learning,ABC
1085,334,2,2,,10.0,True,Q_learning,ABC
1086,335,0,0,1.0,,,Q_learning,ABC
1087,335,1,1,1.0,-1.0,False,Q_learning,ABC
1088,335,2,2,,10.0,True,Q_learning,ABC
1089,336,0,0,1.0,,,Q_learning,ABC
1090,336,1,1,1.0,-1.0,False,Q_learning,ABC
1091,336,2,2,,10.0,True,Q_learning,ABC
1092,337,0,0,1.0,,,Q_learning,ABC
1093,337,1,1,1.0,-1.0,False,Q_learning,ABC
1094,337,2,2,,10.0,True,Q_learning,ABC
1095,338,0,0,1.0,,,Q_learning,ABC
1096,338,1,1,1.0,-1.0,False,Q_learning,ABC
1097,338,2,2,,10.0,True,Q_learning,ABC
1098,339,0,0,1.0,,,Q_learning,ABC
1099,339,1,1,1.0,-1.0,False,Q_learning,ABC
1100,339,2,2,,10.0,True,Q_learning,ABC
1101,340,0,0,1.0,,,Q_learning,ABC
1102,340,1,1,1.0,-1.0,False,Q_learning,ABC
1103,340,2,1,1.0,-1.0,False,Q_learning,ABC
1104,340,3,2,,10.0,True,Q_learning,ABC
1105,341,0,0,1.0,,,Q_learning,ABC
1106,341,1,1,1.0,-1.0,False,Q_learning,ABC
1107,341,2,2,,10.0,True,Q_learning,ABC
1108,342,0,0,1.0,,,Q_learning,ABC
1109,342,1,1,1.0,-1.0,False,Q_learning,ABC
1110,342,2,2,,10.0,True,Q_learning,ABC
1111,343,0,0,1.0,,,Q_learning,ABC
1112,343,1,1,1.0,-1.0,False,Q_learning,ABC
1113,343,2,2,,10.0,True,Q_learning,ABC
1114,344,0,0,1.0,,,Q_learning,ABC
1115,344,1,1,1.0,-1.0,False,Q_learning,ABC
1116,344,2,2,,10.0,True,Q_learning,ABC
1117,345,0,0,1.0,,,Q_learning,ABC
1118,345,1,1,1.0,-1.0,False,Q_learning,ABC
1119,345,2,1,1.0,-1.0,False,Q_learning,ABC
1120,345,3,2,,10.0,True,Q_learning,ABC
1121,346,0,0,1.0,,,Q_learning,ABC
1122,346,1,1,1.0,-1.0,False,Q_learning,ABC
1123,346,2,2,,10.0,True,Q_learning,ABC
1124,347,0,0,1.0,,,Q_learning,ABC
1125,347,1,1,1.0,-1.0,False,Q_learning,ABC
1126,347,2,1,1.0,-1.0,False,Q_learning,ABC
1127,347,3,2,,10.0,True,Q_learning,ABC
1128,348,0,0,1.0,,,Q_learning,ABC
1129,348,1,1,0.0,-1.0,False,Q_learning,ABC
1130,348,2,0,1.0,-1.0,False,Q_learning,ABC
1131,348,3,1,1.0,-1.0,False,Q_learning,ABC
1132,348,4,2,,10.0,True,Q_learning,ABC
1133,349,0,0,1.0,,,Q_learning,ABC
1134,349,1,1,1.0,-1.0,False,Q_learning,ABC
1135,349,2,2,,10.0,True,Q_learning,ABC
1136,350,0,0,1.0,,,Q_learning,ABC
1137,350,1,1,1.0,-1.0,False,Q_learning,ABC
1138,350,2,2,,10.0,True,Q_learning,ABC
1139,351,0,0,1.0,,,Q_learning,ABC
1140,351,1,0,1.0,-1.0,False,Q_learning,ABC
1141,351,2,1,1.0,-1.0,False,Q_learning,ABC
1142,351,3,2,,10.0,True,Q_learning,ABC
1143,352,0,0,1.0,,,Q_learning,ABC
1144,352,1,0,1.0,-1.0,False,Q_learning,ABC
1145,352,2,1,1.0,-1.0,False,Q_learning,ABC
1146,352,3,2,,10.0,True,Q_learning,ABC
1147,353,0,0,1.0,,,Q_learning,ABC
1148,353,1,1,1.0,-1.0,False,Q_learning,ABC
1149,353,2,2,,10.0,True,Q_learning,ABC
1150,354,0,0,1.0,,,Q_learning,ABC
1151,354,1,1,1.0,-1.0,False,Q_learning,ABC
1152,354,2,2,,10.0,True,Q_learning,ABC
1153,355,0,0,1.0,,,Q_learning,ABC
1154,355,1,1,1.0,-1.0,False,Q_learning,ABC
1155,355,2,2,,10.0,True,Q_learning,ABC
1156,356,0,0,1.0,,,Q_learning,ABC
1157,356,1,1,1.0,-1.0,False,Q_learning,ABC
1158,356,2,2,,10.0,True,Q_learning,ABC
1159,357,0,0,1.0,,,Q_learning,ABC
1160,357,1,1,1.0,-1.0,False,Q_learning,ABC
1161,357,2,2,,10.0,True,Q_learning,ABC
1162,358,0,0,1.0,,,Q_learning,ABC
1163,358,1,0,1.0,-1.0,False,Q_learning,ABC
1164,358,2,0,1.0,-1.0,False,Q_learning,ABC
1165,358,3,1,1.0,-1.0,False,Q_learning,ABC
1166,358,4,2,,10.0,True,Q_learning,ABC
1167,359,0,0,1.0,,,Q_learning,ABC
1168,359,1,1,1.0,-1.0,False,Q_learning,ABC
1169,359,2,2,,10.0,True,Q_learning,ABC
1170,360,0,0,1.0,,,Q_learning,ABC
1171,360,1,1,1.0,-1.0,False,Q_learning,ABC
1172,360,2,2,,10.0,True,Q_learning,ABC
1173,361,0,0,1.0,,,Q_learning,ABC
1174,361,1,1,1.0,-1.0,False,Q_learning,ABC
1175,361,2,2,,10.0,True,Q_learning,ABC
1176,362,0,0,1.0,,,Q_learning,ABC
1177,362,1,1,1.0,-1.0,False,Q_learning,ABC
1178,362,2,2,,10.0,True,Q_learning,ABC
1179,363,0,0,1.0,,,Q_learning,ABC
1180,363,1,1,1.0,-1.0,False,Q_learning,ABC
1181,363,2,2,,10.0,True,Q_learning,ABC
1182,364,0,0,1.0,,,Q_learning,ABC
1183,364,1,1,1.0,-1.0,False,Q_learning,ABC
1184,364,2,2,,10.0,True,Q_learning,ABC
1185,365,0,0,1.0,,,Q_learning,ABC
1186,365,1,1,1.0,-1.0,False,Q_learning,ABC
1187,365,2,2,,10.0,True,Q_learning,ABC
1188,366,0,0,1.0,,,Q_learning,ABC
1189,366,1,1,1.0,-1.0,False,Q_learning,ABC
1190,366,2,2,,10.0,True,Q_learning,ABC
1191,367,0,0,1.0,,,Q_learning,ABC
1192,367,1,1,1.0,-1.0,False,Q_learning,ABC
1193,367,2,2,,10.0,True,Q_learning,ABC
1194,368,0,0,1.0,,,Q_learning,ABC
1195,368,1,1,1.0,-1.0,False,Q_learning,ABC
1196,368,2,2,,10.0,True,Q_learning,ABC
1197,369,0,0,1.0,,,Q_learning,ABC
1198,369,1,1,1.0,-1.0,False,Q_learning,ABC
1199,369,2,2,,10.0,True,Q_learning,ABC
1200,370,0,0,1.0,,,Q_learning,ABC
1201,370,1,1,1.0,-1.0,False,Q_learning,ABC
1202,370,2,2,,10.0,True,Q_learning,ABC
1203,371,0,0,1.0,,,Q_learning,ABC
1204,371,1,1,1.0,-1.0,False,Q_learning,ABC
1205,371,2,2,,10.0,True,Q_learning,ABC
1206,372,0,0,1.0,,,Q_learning,ABC
1207,372,1,1,1.0,-1.0,False,Q_learning,ABC
1208,372,2,2,,10.0,True,Q_learning,ABC
1209,373,0,0,1.0,,,Q_learning,ABC
1210,373,1,1,1.0,-1.0,False,Q_learning,ABC
1211,373,2,1,1.0,-1.0,False,Q_learning,ABC
1212,373,3,2,,10.0,True,Q_learning,ABC
1213,374,0,0,1.0,,,Q_learning,ABC
1214,374,1,1,1.0,-1.0,False,Q_learning,ABC
1215,374,2,2,,10.0,True,Q_learning,ABC
1216,375,0,0,1.0,,,Q_learning,ABC
1217,375,1,1,1.0,-1.0,False,Q_learning,ABC
1218,375,2,2,,10.0,True,Q_learning,ABC
1219,376,0,0,1.0,,,Q_learning,ABC
1220,376,1,1,1.0,-1.0,False,Q_learning,ABC
1221,376,2,2,,10.0,True,Q_learning,ABC
1222,377,0,0,1.0,,,Q_learning,ABC
1223,377,1,0,1.0,-1.0,False,Q_learning,ABC
1224,377,2,1,1.0,-1.0,False,Q_learning,ABC
1225,377,3,2,,10.0,True,Q_learning,ABC
1226,378,0,0,1.0,,,Q_learning,ABC
1227,378,1,1,1.0,-1.0,False,Q_learning,ABC
1228,378,2,2,,10.0,True,Q_learning,ABC
1229,379,0,0,1.0,,,Q_learning,ABC
1230,379,1,1,1.0,-1.0,False,Q_learning,ABC
1231,379,2,2,,10.0,True,Q_learning,ABC
1232,380,0,0,1.0,,,Q_learning,ABC
1233,380,1,1,1.0,-1.0,False,Q_learning,ABC
1234,380,2,2,,10.0,True,Q_learning,ABC
1235,381,0,0,1.0,,,Q_learning,ABC
1236,381,1,1,1.0,-1.0,False,Q_learning,ABC
1237,381,2,2,,10.0,True,Q_learning,ABC
1238,382,0,0,1.0,,,Q_learning,ABC
1239,382,1,1,1.0,-1.0,False,Q_learning,ABC
1240,382,2,2,,10.0,True,Q_learning,ABC
1241,383,0,0,1.0,,,Q_learning,ABC
1242,383,1,1,1.0,-1.0,False,Q_learning,ABC
1243,383,2,2,,10.0,True,Q_learning,ABC
1244,384,0,0,1.0,,,Q_learning,ABC
1245,384,1,1,1.0,-1.0,False,Q_learning,ABC
1246,384,2,2,,10.0,True,Q_learning,ABC
1247,385,0,0,1.0,,,Q_learning,ABC
1248,385,1,1,1.0,-1.0,False,Q_learning,ABC
1249,385,2,2,,10.0,True,Q_learning,ABC
1250,386,0,0,1.0,,,Q_learning,ABC
1251,386,1,1,1.0,-1.0,False,Q_learning,ABC
1252,386,2,2,,10.0,True,Q_learning,ABC
1253,387,0,0,1.0,,,Q_learning,ABC
1254,387,1,1,1.0,-1.0,False,Q_learning,ABC
1255,387,2,2,,10.0,True,Q_learning,ABC
1256,388,0,0,1.0,,,Q_learning,ABC
1257,388,1,1,1.0,-1.0,False,Q_learning,ABC
1258,388,2,2,,10.0,True,Q_learning,ABC
1259,389,0,0,1.0,,,Q_learning,ABC
1260,389,1,1,1.0,-1.0,False,Q_learning,ABC
1261,389,2,2,,10.0,True,Q_learning,ABC
1262,390,0,0,1.0,,,Q_learning,ABC
1263,390,1,1,1.0,-1.0,False,Q_learning,ABC
1264,390,2,1,1.0,-1.0,False,Q_learning,ABC
1265,390,3,2,,10.0,True,Q_learning,ABC
1266,391,0,0,1.0,,,Q_learning,ABC
1267,391,1,1,1.0,-1.0,False,Q_learning,ABC
1268,391,2,2,,10.0,True,Q_learning,ABC
1269,392,0,0,1.0,,,Q_learning,ABC
1270,392,1,1,1.0,-1.0,False,Q_learning,ABC
1271,392,2,2,,10.0,True,Q_learning,ABC
1272,393,0,0,1.0,,,Q_learning,ABC
1273,393,1,1,1.0,-1.0,False,Q_learning,ABC
1274,393,2,2,,10.0,True,Q_learning,ABC
1275,394,0,0,1.0,,,Q_learning,ABC
1276,394,1,1,1.0,-1.0,False,Q_learning,ABC
1277,394,2,2,,10.0,True,Q_learning,ABC
1278,395,0,0,1.0,,,Q_learning,ABC
1279,395,1,1,1.0,-1.0,False,Q_learning,ABC
1280,395,2,2,,10.0,True,Q_learning,ABC
1281,396,0,0,1.0,,,Q_learning,ABC
1282,396,1,1,1.0,-1.0,False,Q_learning,ABC
1283,396,2,2,,10.0,True,Q_learning,ABC
1284,397,0,0,1.0,,,Q_learning,ABC
1285,397,1,0,1.0,-1.0,False,Q_learning,ABC
1286,397,2,1,1.0,-1.0,False,Q_learning,ABC
1287,397,3,2,,10.0,True,Q_learning,ABC
1288,398,0,0,1.0,,,Q_learning,ABC
1289,398,1,1,1.0,-1.0,False,Q_learning,ABC
1290,398,2,2,,10.0,True,Q_learning,ABC
1291,399,0,0,1.0,,,Q_learning,ABC
1292,399,1,1,1.0,-1.0,False,Q_learning,ABC
1293,399,2,2,,10.0,True,Q_learning,ABC
1294,400,0,0,1.0,,,Q_learning,ABC
1295,400,1,1,1.0,-1.0,False,Q_learning,ABC
1296,400,2,2,,10.0,True,Q_learning,ABC
1297,401,0,0,1.0,,,Q_learning,ABC
1298,401,1,1,1.0,-1.0,False,Q_learning,ABC
1299,401,2,2,,10.0,True,Q_learning,ABC
1300,402,0,0,1.0,,,Q_learning,ABC
1301,402,1,1,1.0,-1.0,False,Q_learning,ABC
1302,402,2,2,,10.0,True,Q_learning,ABC
1303,403,0,0,1.0,,,Q_learning,ABC
1304,403,1,1,1.0,-1.0,False,Q_learning,ABC
1305,403,2,2,,10.0,True,Q_learning,ABC
1306,404,0,0,1.0,,,Q_learning,ABC
1307,404,1,1,1.0,-1.0,False,Q_learning,ABC
1308,404,2,2,,10.0,True,Q_learning,ABC
1309,405,0,0,1.0,,,Q_learning,ABC
1310,405,1,1,1.0,-1.0,False,Q_learning,ABC
1311,405,2,2,,10.0,True,Q_learning,ABC
1312,406,0,0,1.0,,,Q_learning,ABC
1313,406,1,1,1.0,-1.0,False,Q_learning,ABC
1314,406,2,2,,10.0,True,Q_learning,ABC
1315,407,0,0,1.0,,,Q_learning,ABC
1316,407,1,0,1.0,-1.0,False,Q_learning,ABC
1317,407,2,1,1.0,-1.0,False,Q_learning,ABC
1318,407,3,1,1.0,-1.0,False,Q_learning,ABC
1319,407,4,2,,10.0,True,Q_learning,ABC
1320,408,0,0,1.0,,,Q_learning,ABC
1321,408,1,1,1.0,-1.0,False,Q_learning,ABC
1322,408,2,1,1.0,-1.0,False,Q_learning,ABC
1323,408,3,2,,10.0,True,Q_learning,ABC
1324,409,0,0,1.0,,,Q_learning,ABC
1325,409,1,1,1.0,-1.0,False,Q_learning,ABC
1326,409,2,2,,10.0,True,Q_learning,ABC
1327,410,0,0,1.0,,,Q_learning,ABC
1328,410,1,1,1.0,-1.0,False,Q_learning,ABC
1329,410,2,2,,10.0,True,Q_learning,ABC
1330,411,0,0,1.0,,,Q_learning,ABC
1331,411,1,1,1.0,-1.0,False,Q_learning,ABC
1332,411,2,2,,10.0,True,Q_learning,ABC
1333,412,0,0,1.0,,,Q_learning,ABC
1334,412,1,1,1.0,-1.0,False,Q_learning,ABC
1335,412,2,2,,10.0,True,Q_learning,ABC
1336,413,0,0,1.0,,,Q_learning,ABC
1337,413,1,1,1.0,-1.0,False,Q_learning,ABC
1338,413,2,2,,10.0,True,Q_learning,ABC
1339,414,0,0,1.0,,,Q_learning,ABC
1340,414,1,1,1.0,-1.0,False,Q_learning,ABC
1341,414,2,2,,10.0,True,Q_learning,ABC
1342,415,0,0,1.0,,,Q_learning,ABC
1343,415,1,1,1.0,-1.0,False,Q_learning,ABC
1344,415,2,2,,10.0,True,Q_learning,ABC
1345,416,0,0,1.0,,,Q_learning,ABC
1346,416,1,1,1.0,-1.0,False,Q_learning,ABC
1347,416,2,2,,10.0,True,Q_learning,ABC
1348,417,0,0,1.0,,,Q_learning,ABC
1349,417,1,1,1.0,-1.0,False,Q_learning,ABC
1350,417,2,2,,10.0,True,Q_learning,ABC
1351,418,0,0,1.0,,,Q_learning,ABC
1352,418,1,1,1.0,-1.0,False,Q_learning,ABC
1353,418,2,2,,10.0,True,Q_learning,ABC
1354,419,0,0,1.0,,,Q_learning,ABC
1355,419,1,1,1.0,-1.0,False,Q_learning,ABC
1356,419,2,2,,10.0,True,Q_learning,ABC
1357,420,0,0,1.0,,,Q_learning,ABC
1358,420,1,1,1.0,-1.0,False,Q_learning,ABC
1359,420,2,2,,10.0,True,Q_learning,ABC
1360,421,0,0,1.0,,,Q_learning,ABC
1361,421,1,1,1.0,-1.0,False,Q_learning,ABC
1362,421,2,2,,10.0,True,Q_learning,ABC
1363,422,0,0,1.0,,,Q_learning,ABC
1364,422,1,1,1.0,-1.0,False,Q_learning,ABC
1365,422,2,2,,10.0,True,Q_learning,ABC
1366,423,0,0,1.0,,,Q_learning,ABC
1367,423,1,1,1.0,-1.0,False,Q_learning,ABC
1368,423,2,2,,10.0,True,Q_learning,ABC
1369,424,0,0,1.0,,,Q_learning,ABC
1370,424,1,1,1.0,-1.0,False,Q_learning,ABC
1371,424,2,2,,10.0,True,Q_learning,ABC
1372,425,0,0,1.0,,,Q_learning,ABC
1373,425,1,1,1.0,-1.0,False,Q_learning,ABC
1374,425,2,2,,10.0,True,Q_learning,ABC
1375,426,0,0,1.0,,,Q_learning,ABC
1376,426,1,1,1.0,-1.0,False,Q_learning,ABC
1377,426,2,2,,10.0,True,Q_learning,ABC
1378,427,0,0,1.0,,,Q_learning,ABC
1379,427,1,1,1.0,-1.0,False,Q_learning,ABC
1380,427,2,2,,10.0,True,Q_learning,ABC
1381,428,0,0,1.0,,,Q_learning,ABC
1382,428,1,1,1.0,-1.0,False,Q_learning,ABC
1383,428,2,2,,10.0,True,Q_learning,ABC
1384,429,0,0,1.0,,,Q_learning,ABC
1385,429,1,1,1.0,-1.0,False,Q_learning,ABC
1386,429,2,2,,10.0,True,Q_learning,ABC
1387,430,0,0,1.0,,,Q_learning,ABC
1388,430,1,1,1.0,-1.0,False,Q_learning,ABC
1389,430,2,2,,10.0,True,Q_learning,ABC
1390,431,0,0,1.0,,,Q_learning,ABC
1391,431,1,1,1.0,-1.0,False,Q_learning,ABC
1392,431,2,2,,10.0,True,Q_learning,ABC
1393,432,0,0,1.0,,,Q_learning,ABC
1394,432,1,1,1.0,-1.0,False,Q_learning,ABC
1395,432,2,2,,10.0,True,Q_learning,ABC
1396,433,0,0,1.0,,,Q_learning,ABC
1397,433,1,1,1.0,-1.0,False,Q_learning,ABC
1398,433,2,2,,10.0,True,Q_learning,ABC
1399,434,0,0,1.0,,,Q_learning,ABC
1400,434,1,1,1.0,-1.0,False,Q_learning,ABC
1401,434,2,2,,10.0,True,Q_learning,ABC
1402,435,0,0,1.0,,,Q_learning,ABC
1403,435,1,1,1.0,-1.0,False,Q_learning,ABC
1404,435,2,1,1.0,-1.0,False,Q_learning,ABC
1405,435,3,2,,10.0,True,Q_learning,ABC
1406,436,0,0,1.0,,,Q_learning,ABC
1407,436,1,1,1.0,-1.0,False,Q_learning,ABC
1408,436,2,2,,10.0,True,Q_learning,ABC
1409,437,0,0,1.0,,,Q_learning,ABC
1410,437,1,1,1.0,-1.0,False,Q_learning,ABC
1411,437,2,2,,10.0,True,Q_learning,ABC
1412,438,0,0,1.0,,,Q_learning,ABC
1413,438,1,1,1.0,-1.0,False,Q_learning,ABC
1414,438,2,2,,10.0,True,Q_learning,ABC
1415,439,0,0,1.0,,,Q_learning,ABC
1416,439,1,0,1.0,-1.0,False,Q_learning,ABC
1417,439,2,1,1.0,-1.0,False,Q_learning,ABC
1418,439,3,1,1.0,-1.0,False,Q_learning,ABC
1419,439,4,2,,10.0,True,Q_learning,ABC
1420,440,0,0,1.0,,,Q_learning,ABC
1421,440,1,1,1.0,-1.0,False,Q_learning,ABC
1422,440,2,2,,10.0,True,Q_learning,ABC
1423,441,0,0,1.0,,,Q_learning,ABC
1424,441,1,1,1.0,-1.0,False,Q_learning,ABC
1425,441,2,2,,10.0,True,Q_learning,ABC
1426,442,0,0,1.0,,,Q_learning,ABC
1427,442,1,1,1.0,-1.0,False,Q_learning,ABC
1428,442,2,2,,10.0,True,Q_learning,ABC
1429,443,0,0,1.0,,,Q_learning,ABC
1430,443,1,1,1.0,-1.0,False,Q_learning,ABC
1431,443,2,2,,10.0,True,Q_learning,ABC
1432,444,0,0,1.0,,,Q_learning,ABC
1433,444,1,1,1.0,-1.0,False,Q_learning,ABC
1434,444,2,2,,10.0,True,Q_learning,ABC
1435,445,0,0,1.0,,,Q_learning,ABC
1436,445,1,1,1.0,-1.0,False,Q_learning,ABC
1437,445,2,2,,10.0,True,Q_learning,ABC
1438,446,0,0,1.0,,,Q_learning,ABC
1439,446,1,0,1.0,-1.0,False,Q_learning,ABC
1440,446,2,1,1.0,-1.0,False,Q_learning,ABC
1441,446,3,2,,10.0,True,Q_learning,ABC
1442,447,0,0,1.0,,,Q_learning,ABC
1443,447,1,0,1.0,-1.0,False,Q_learning,ABC
1444,447,2,1,1.0,-1.0,False,Q_learning,ABC
1445,447,3,2,,10.0,True,Q_learning,ABC
1446,448,0,0,1.0,,,Q_learning,ABC
1447,448,1,1,1.0,-1.0,False,Q_learning,ABC
1448,448,2,2,,10.0,True,Q_learning,ABC
1449,449,0,0,1.0,,,Q_learning,ABC
1450,449,1,1,1.0,-1.0,False,Q_learning,ABC
1451,449,2,2,,10.0,True,Q_learning,ABC
1452,450,0,0,1.0,,,Q_learning,ABC
1453,450,1,1,1.0,-1.0,False,Q_learning,ABC
1454,450,2,2,,10.0,True,Q_learning,ABC
1455,451,0,0,1.0,,,Q_learning,ABC
1456,451,1,1,1.0,-1.0,False,Q_learning,ABC
1457,451,2,2,,10.0,True,Q_learning,ABC
1458,452,0,0,1.0,,,Q_learning,ABC
1459,452,1,1,1.0,-1.0,False,Q_learning,ABC
1460,452,2,2,,10.0,True,Q_learning,ABC
1461,453,0,0,1.0,,,Q_learning,ABC
1462,453,1,1,1.0,-1.0,False,Q_learning,ABC
1463,453,2,2,,10.0,True,Q_learning,ABC
1464,454,0,0,1.0,,,Q_learning,ABC
1465,454,1,0,1.0,-1.0,False,Q_learning,ABC
1466,454,2,1,1.0,-1.0,False,Q_learning,ABC
1467,454,3,2,,10.0,True,Q_learning,ABC
1468,455,0,0,1.0,,,Q_learning,ABC
1469,455,1,1,1.0,-1.0,False,Q_learning,ABC
1470,455,2,2,,10.0,True,Q_learning,ABC
1471,456,0,0,1.0,,,Q_learning,ABC
1472,456,1,1,1.0,-1.0,False,Q_learning,ABC
1473,456,2,2,,10.0,True,Q_learning,ABC
1474,457,0,0,1.0,,,Q_learning,ABC
1475,457,1,1,1.0,-1.0,False,Q_learning,ABC
1476,457,2,1,1.0,-1.0,False,Q_learning,ABC
1477,457,3,2,,10.0,True,Q_learning,ABC
1478,458,0,0,1.0,,,Q_learning,ABC
1479,458,1,1,1.0,-1.0,False,Q_learning,ABC
1480,458,2,2,,10.0,True,Q_learning,ABC
1481,459,0,0,0.0,,,Q_learning,ABC
1482,459,1,0,1.0,-1.0,False,Q_learning,ABC
1483,459,2,1,1.0,-1.0,False,Q_learning,ABC
1484,459,3,2,,10.0,True,Q_learning,ABC
1485,460,0,0,1.0,,,Q_learning,ABC
1486,460,1,0,1.0,-1.0,False,Q_learning,ABC
1487,460,2,1,1.0,-1.0,False,Q_learning,ABC
1488,460,3,2,,10.0,True,Q_learning,ABC
1489,461,0,0,1.0,,,Q_learning,ABC
1490,461,1,1,1.0,-1.0,False,Q_learning,ABC
1491,461,2,2,,10.0,True,Q_learning,ABC
1492,462,0,0,1.0,,,Q_learning,ABC
1493,462,1,1,1.0,-1.0,False,Q_learning,ABC
1494,462,2,2,,10.0,True,Q_learning,ABC
1495,463,0,0,1.0,,,Q_learning,ABC
1496,463,1,1,1.0,-1.0,False,Q_learning,ABC
1497,463,2,2,,10.0,True,Q_learning,ABC
1498,464,0,0,1.0,,,Q_learning,ABC
1499,464,1,1,1.0,-1.0,False,Q_learning,ABC
1500,464,2,2,,10.0,True,Q_learning,ABC
1501,465,0,0,1.0,,,Q_learning,ABC
1502,465,1,1,1.0,-1.0,False,Q_learning,ABC
1503,465,2,1,1.0,-1.0,False,Q_learning,ABC
1504,465,3,2,,10.0,True,Q_learning,ABC
1505,466,0,0,1.0,,,Q_learning,ABC
1506,466,1,1,1.0,-1.0,False,Q_learning,ABC
1507,466,2,2,,10.0,True,Q_learning,ABC
1508,467,0,0,1.0,,,Q_learning,ABC
1509,467,1,1,1.0,-1.0,False,Q_learning,ABC
1510,467,2,2,,10.0,True,Q_learning,ABC
1511,468,0,0,1.0,,,Q_learning,ABC
1512,468,1,1,1.0,-1.0,False,Q_learning,ABC
1513,468,2,2,,10.0,True,Q_learning,ABC
1514,469,0,0,1.0,,,Q_learning,ABC
1515,469,1,1,1.0,-1.0,False,Q_learning,ABC
1516,469,2,2,,10.0,True,Q_learning,ABC
1517,470,0,0,1.0,,,Q_learning,ABC
1518,470,1,1,1.0,-1.0,False,Q_learning,ABC
1519,470,2,2,,10.0,True,Q_learning,ABC
1520,471,0,0,1.0,,,Q_learning,ABC
1521,471,1,1,1.0,-1.0,False,Q_learning,ABC
1522,471,2,2,,10.0,True,Q_learning,ABC
1523,472,0,0,1.0,,,Q_learning,ABC
1524,472,1,1,1.0,-1.0,False,Q_learning,ABC
1525,472,2,2,,10.0,True,Q_learning,ABC
1526,473,0,0,1.0,,,Q_learning,ABC
1527,473,1,0,1.0,-1.0,False,Q_learning,ABC
1528,473,2,1,1.0,-1.0,False,Q_learning,ABC
1529,473,3,2,,10.0,True,Q_learning,ABC
1530,474,0,0,1.0,,,Q_learning,ABC
1531,474,1,1,1.0,-1.0,False,Q_learning,ABC
1532,474,2,2,,10.0,True,Q_learning,ABC
1533,475,0,0,1.0,,,Q_learning,ABC
1534,475,1,1,1.0,-1.0,False,Q_learning,ABC
1535,475,2,1,1.0,-1.0,False,Q_learning,ABC
1536,475,3,2,,10.0,True,Q_learning,ABC
1537,476,0,0,1.0,,,Q_learning,ABC
1538,476,1,0,1.0,-1.0,False,Q_learning,ABC
1539,476,2,0,1.0,-1.0,False,Q_learning,ABC
1540,476,3,1,1.0,-1.0,False,Q_learning,ABC
1541,476,4,2,,10.0,True,Q_learning,ABC
1542,477,0,0,1.0,,,Q_learning,ABC
1543,477,1,1,1.0,-1.0,False,Q_learning,ABC
1544,477,2,2,,10.0,True,Q_learning,ABC
1545,478,0,0,1.0,,,Q_learning,ABC
1546,478,1,1,1.0,-1.0,False,Q_learning,ABC
1547,478,2,2,,10.0,True,Q_learning,ABC
1548,479,0,0,1.0,,,Q_learning,ABC
1549,479,1,1,1.0,-1.0,False,Q_learning,ABC
1550,479,2,1,1.0,-1.0,False,Q_learning,ABC
1551,479,3,2,,10.0,True,Q_learning,ABC
1552,480,0,0,1.0,,,Q_learning,ABC
1553,480,1,1,1.0,-1.0,False,Q_learning,ABC
1554,480,2,2,,10.0,True,Q_learning,ABC
1555,481,0,0,1.0,,,Q_learning,ABC
1556,481,1,0,1.0,-1.0,False,Q_learning,ABC
1557,481,2,1,1.0,-1.0,False,Q_learning,ABC
1558,481,3,2,,10.0,True,Q_learning,ABC
1559,482,0,0,1.0,,,Q_learning,ABC
1560,482,1,1,1.0,-1.0,False,Q_learning,ABC
1561,482,2,2,,10.0,True,Q_learning,ABC
1562,483,0,0,1.0,,,Q_learning,ABC
1563,483,1,1,1.0,-1.0,False,Q_learning,ABC
1564,483,2,2,,10.0,True,Q_learning,ABC
1565,484,0,0,1.0,,,Q_learning,ABC
1566,484,1,0,1.0,-1.0,False,Q_learning,ABC
1567,484,2,1,1.0,-1.0,False,Q_learning,ABC
1568,484,3,2,,10.0,True,Q_learning,ABC
1569,485,0,0,1.0,,,Q_learning,ABC
1570,485,1,1,1.0,-1.0,False,Q_learning,ABC
1571,485,2,2,,10.0,True,Q_learning,ABC
1572,486,0,0,1.0,,,Q_learning,ABC
1573,486,1,1,1.0,-1.0,False,Q_learning,ABC
1574,486,2,2,,10.0,True,Q_learning,ABC
1575,487,0,0,1.0,,,Q_learning,ABC
1576,487,1,1,1.0,-1.0,False,Q_learning,ABC
1577,487,2,2,,10.0,True,Q_learning,ABC
1578,488,0,0,1.0,,,Q_learning,ABC
1579,488,1,1,1.0,-1.0,False,Q_learning,ABC
1580,488,2,2,,10.0,True,Q_learning,ABC
1581,489,0,0,1.0,,,Q_learning,ABC
1582,489,1,1,1.0,-1.0,False,Q_learning,ABC
1583,489,2,2,,10.0,True,Q_learning,ABC
1584,490,0,0,1.0,,,Q_learning,ABC
1585,490,1,1,1.0,-1.0,False,Q_learning,ABC
1586,490,2,2,,10.0,True,Q_learning,ABC
1587,491,0,0,1.0,,,Q_learning,ABC
1588,491,1,1,1.0,-1.0,False,Q_learning,ABC
1589,491,2,2,,10.0,True,Q_learning,ABC
1590,492,0,0,1.0,,,Q_learning,ABC
1591,492,1,1,1.0,-1.0,False,Q_learning,ABC
1592,492,2,2,,10.0,True,Q_learning,ABC
1593,493,0,0,1.0,,,Q_learning,ABC
1594,493,1,1,1.0,-1.0,False,Q_learning,ABC
1595,493,2,2,,10.0,True,Q_learning,ABC
1596,494,0,0,1.0,,,Q_learning,ABC
1597,494,1,1,1.0,-1.0,False,Q_learning,ABC
1598,494,2,2,,10.0,True,Q_learning,ABC
1599,495,0,0,1.0,,,Q_learning,ABC
1600,495,1,1,1.0,-1.0,False,Q_learning,ABC
1601,495,2,2,,10.0,True,Q_learning,ABC
1602,496,0,0,1.0,,,Q_learning,ABC
1603,496,1,1,1.0,-1.0,False,Q_learning,ABC
1604,496,2,2,,10.0,True,Q_learning,ABC
1605,497,0,0,1.0,,,Q_learning,ABC
1606,497,1,1,1.0,-1.0,False,Q_learning,ABC
1607,497,2,2,,10.0,True,Q_learning,ABC
1608,498,0,0,1.0,,,Q_learning,ABC
1609,498,1,0,1.0,-1.0,False,Q_learning,ABC
1610,498,2,1,1.0,-1.0,False,Q_learning,ABC
1611,498,3,2,,10.0,True,Q_learning,ABC
1612,499,0,0,1.0,,,Q_learning,ABC
1613,499,1,1,0.0,-1.0,False,Q_learning,ABC
1614,499,2,0,1.0,-1.0,False,Q_learning,ABC
1615,499,3,1,1.0,-1.0,False,Q_learning,ABC
1616,499,4,2,,10.0,True,Q_learning,ABC
